checking,duration,credit_history,purpose,credit_amount,savings,employment,installment_rate,personal_status,other_debtors,residence,property,age,other_installments,housing,existing_credits,job,dependents,telephone,foreign,target
< 0 DM,6,Critical/other existing credits,Radio/TV,1169,Unknown/no savings,>=7 years,4,Male: single,None,4,Real estate,67,None,Own,2,Skilled employee/official,1,Yes,Yes,Good
0–200 DM,48,Existing paid duly,Radio/TV,5951,<100 DM,1–4 years,2,Female: divorced/separated/married,None,2,Real estate,22,None,Own,1,Skilled employee/official,1,None,Yes,Bad
No checking account,12,Critical/other existing credits,Education,2096,<100 DM,4–7 years,2,Male: single,None,3,Real estate,49,None,Own,1,Unskilled resident,2,None,Yes,Good
< 0 DM,42,Existing paid duly,Furniture/equipment,7882,<100 DM,4–7 years,2,Male: single,Guarantor,4,Building society/life insurance,45,None,For free,1,Skilled employee/official,2,None,Yes,Good
< 0 DM,24,Delay in past,New car,4870,<100 DM,1–4 years,3,Male: single,None,4,Unknown/no property,53,None,For free,2,Skilled employee/official,2,None,Yes,Bad
No checking account,36,Existing paid duly,Education,9055,Unknown/no savings,1–4 years,2,Male: single,None,4,Unknown/no property,35,None,For free,1,Unskilled resident,2,Yes,Yes,Good
No checking account,24,Existing paid duly,Furniture/equipment,2835,500–1000 DM,>=7 years,3,Male: single,None,4,Building society/life insurance,53,None,Own,1,Skilled employee/official,1,None,Yes,Good
0–200 DM,36,Existing paid duly,Used car,6948,<100 DM,1–4 years,2,Male: single,None,2,Car/other,35,None,Rent,1,Management/self-employed/highly qualified,1,Yes,Yes,Good
No checking account,12,Existing paid duly,Radio/TV,3059,>=1000 DM,4–7 years,2,Male: divorced/separated,None,4,Real estate,61,None,Own,1,Unskilled resident,1,None,Yes,Good
0–200 DM,30,Critical/other existing credits,New car,5234,<100 DM,Unemployed,4,Male: married/widowed,None,2,Car/other,28,None,Own,2,Management/self-employed/highly qualified,1,None,Yes,Bad
0–200 DM,12,Existing paid duly,New car,1295,<100 DM,<1 year,3,Female: divorced/separated/married,None,1,Car/other,25,None,Rent,1,Skilled employee/official,1,None,Yes,Bad
< 0 DM,48,Existing paid duly,Business,4308,<100 DM,<1 year,3,Female: divorced/separated/married,None,4,Building society/life insurance,24,None,Rent,1,Skilled employee/official,1,None,Yes,Bad
0–200 DM,12,Existing paid duly,Radio/TV,1567,<100 DM,1–4 years,1,Female: divorced/separated/married,None,1,Car/other,22,None,Own,1,Skilled employee/official,1,Yes,Yes,Good
< 0 DM,24,Critical/other existing credits,New car,1199,<100 DM,>=7 years,4,Male: single,None,4,Car/other,60,None,Own,2,Unskilled resident,1,None,Yes,Bad
< 0 DM,15,Existing paid duly,New car,1403,<100 DM,1–4 years,2,Female: divorced/separated/married,None,4,Car/other,28,None,Rent,1,Skilled employee/official,1,None,Yes,Good
< 0 DM,24,Existing paid duly,Radio/TV,1282,100–500 DM,1–4 years,4,Female: divorced/separated/married,None,2,Car/other,32,None,Own,1,Unskilled resident,1,None,Yes,Bad
No checking account,24,Critical/other existing credits,Radio/TV,2424,Unknown/no savings,>=7 years,4,Male: single,None,4,Building society/life insurance,53,None,Own,2,Skilled employee/official,1,None,Yes,Good
< 0 DM,30,No credits/all paid,Business,8072,Unknown/no savings,<1 year,2,Male: single,None,3,Car/other,25,Bank,Own,3,Skilled employee/official,1,None,Yes,Good
0–200 DM,24,Existing paid duly,Used car,12579,<100 DM,>=7 years,4,Female: divorced/separated/married,None,2,Unknown/no property,44,None,For free,1,Management/self-employed/highly qualified,1,Yes,Yes,Bad
No checking account,24,Existing paid duly,Radio/TV,3430,500–1000 DM,>=7 years,3,Male: single,None,2,Car/other,31,None,Own,1,Skilled employee/official,2,Yes,Yes,Good
No checking account,9,Critical/other existing credits,New car,2134,<100 DM,1–4 years,4,Male: single,None,4,Car/other,48,None,Own,3,Skilled employee/official,1,Yes,Yes,Good
< 0 DM,6,Existing paid duly,Radio/TV,2647,500–1000 DM,1–4 years,2,Male: single,None,3,Real estate,44,None,Rent,1,Skilled employee/official,2,None,Yes,Good
< 0 DM,10,Critical/other existing credits,New car,2241,<100 DM,<1 year,1,Male: single,None,3,Real estate,48,None,Rent,2,Unskilled resident,2,None,No,Good
0–200 DM,12,Critical/other existing credits,Used car,1804,100–500 DM,<1 year,3,Male: single,None,4,Building society/life insurance,44,None,Own,1,Skilled employee/official,1,None,Yes,Good
No checking account,10,Critical/other existing credits,Furniture/equipment,2069,Unknown/no savings,1–4 years,2,Male: married/widowed,None,1,Car/other,26,None,Own,2,Skilled employee/official,1,None,No,Good
< 0 DM,6,Existing paid duly,Furniture/equipment,1374,<100 DM,1–4 years,1,Male: single,None,2,Real estate,36,Bank,Own,1,Unskilled resident,1,Yes,Yes,Good
No checking account,6,No credits/all paid,Radio/TV,426,<100 DM,>=7 years,4,Male: married/widowed,None,4,Car/other,39,None,Own,1,Unskilled resident,1,None,Yes,Good
>= 200 DM,12,All paid,Radio/TV,409,>=1000 DM,1–4 years,3,Female: divorced/separated/married,None,3,Real estate,42,None,Rent,2,Skilled employee/official,1,None,Yes,Good
0–200 DM,7,Existing paid duly,Radio/TV,2415,<100 DM,1–4 years,3,Male: single,Guarantor,2,Real estate,34,None,Own,1,Skilled employee/official,1,None,Yes,Good
< 0 DM,60,Delay in past,Business,6836,<100 DM,>=7 years,3,Male: single,None,4,Unknown/no property,63,None,Own,2,Skilled employee/official,1,Yes,Yes,Bad
0–200 DM,18,Existing paid duly,Business,1913,>=1000 DM,<1 year,3,Male: married/widowed,None,3,Real estate,36,Bank,Own,1,Skilled employee/official,1,Yes,Yes,Good
< 0 DM,24,Existing paid duly,Furniture/equipment,4020,<100 DM,1–4 years,2,Male: single,None,2,Car/other,27,Stores,Own,1,Skilled employee/official,1,None,Yes,Good
0–200 DM,18,Existing paid duly,New car,5866,100–500 DM,1–4 years,2,Male: single,None,2,Car/other,30,None,Own,2,Skilled employee/official,1,Yes,Yes,Good
No checking account,12,Critical/other existing credits,Business,1264,Unknown/no savings,>=7 years,4,Male: single,None,4,Unknown/no property,57,None,Rent,1,Unskilled resident,1,None,Yes,Good
>= 200 DM,12,Existing paid duly,Furniture/equipment,1474,<100 DM,<1 year,4,Female: divorced/separated/married,None,1,Building society/life insurance,33,Bank,Own,1,Management/self-employed/highly qualified,1,Yes,Yes,Good
0–200 DM,45,Critical/other existing credits,Radio/TV,4746,<100 DM,<1 year,4,Male: single,None,2,Building society/life insurance,25,None,Own,2,Unskilled resident,1,None,Yes,Bad
No checking account,48,Critical/other existing credits,Education,6110,<100 DM,1–4 years,1,Male: single,None,3,Unknown/no property,31,Bank,For free,1,Skilled employee/official,1,Yes,Yes,Good
>= 200 DM,18,Existing paid duly,Radio/TV,2100,<100 DM,1–4 years,4,Male: single,Co-applicant,2,Real estate,37,Stores,Own,1,Skilled employee/official,1,None,Yes,Bad
>= 200 DM,10,Existing paid duly,Domestic appliances,1225,<100 DM,1–4 years,2,Male: single,None,2,Car/other,37,None,Own,1,Skilled employee/official,1,Yes,Yes,Good
0–200 DM,9,Existing paid duly,Radio/TV,458,<100 DM,1–4 years,4,Male: single,None,3,Real estate,24,None,Own,1,Skilled employee/official,1,None,Yes,Good
No checking account,30,Existing paid duly,Radio/TV,2333,500–1000 DM,>=7 years,4,Male: single,None,2,Car/other,30,Bank,Own,1,Management/self-employed/highly qualified,1,None,Yes,Good
0–200 DM,12,Existing paid duly,Radio/TV,1158,500–1000 DM,1–4 years,3,Male: divorced/separated,None,1,Car/other,26,None,Own,1,Skilled employee/official,1,Yes,Yes,Good
0–200 DM,18,Delay in past,Repairs,6204,<100 DM,1–4 years,2,Male: single,None,4,Real estate,44,None,Own,1,Unskilled resident,2,Yes,Yes,Good
< 0 DM,30,Critical/other existing credits,Used car,6187,100–500 DM,4–7 years,1,Male: married/widowed,None,4,Car/other,24,None,Rent,2,Skilled employee/official,1,None,Yes,Good
< 0 DM,48,Critical/other existing credits,Used car,6143,<100 DM,>=7 years,4,Female: divorced/separated/married,None,4,Unknown/no property,58,Stores,For free,2,Unskilled resident,1,None,Yes,Bad
No checking account,11,Critical/other existing credits,New car,1393,<100 DM,<1 year,4,Female: divorced/separated/married,None,4,Car/other,35,None,Own,2,Management/self-employed/highly qualified,1,None,Yes,Good
No checking account,36,Existing paid duly,Radio/TV,2299,500–1000 DM,>=7 years,4,Male: single,None,4,Car/other,39,None,Own,1,Skilled employee/official,1,None,Yes,Good
< 0 DM,6,Existing paid duly,Used car,1352,500–1000 DM,Unemployed,1,Female: divorced/separated/married,None,2,Building society/life insurance,23,None,Rent,1,Unemployed/unskilled non-resident,1,Yes,Yes,Good
No checking account,11,Critical/other existing credits,New car,7228,<100 DM,1–4 years,1,Male: single,None,4,Building society/life insurance,39,None,Own,2,Unskilled resident,1,None,Yes,Good
No checking account,12,Existing paid duly,Radio/TV,2073,100–500 DM,1–4 years,4,Female: divorced/separated/married,Co-applicant,2,Real estate,28,None,Own,1,Skilled employee/official,1,None,Yes,Good
0–200 DM,24,Delay in past,Furniture/equipment,2333,Unknown/no savings,<1 year,4,Male: single,None,2,Building society/life insurance,29,Bank,Own,1,Unskilled resident,1,None,Yes,Good
0–200 DM,27,Delay in past,Used car,5965,<100 DM,>=7 years,1,Male: single,None,2,Car/other,30,None,Own,2,Management/self-employed/highly qualified,1,Yes,Yes,Good
No checking account,12,Existing paid duly,Radio/TV,1262,<100 DM,1–4 years,3,Male: single,None,2,Car/other,25,None,Own,1,Skilled employee/official,1,None,Yes,Good
No checking account,18,Existing paid duly,Used car,3378,Unknown/no savings,1–4 years,2,Male: single,None,1,Building society/life insurance,31,None,Own,1,Skilled employee/official,1,Yes,Yes,Good
0–200 DM,36,Delay in past,New car,2225,<100 DM,>=7 years,4,Male: single,None,4,Unknown/no property,57,Bank,For free,2,Skilled employee/official,1,Yes,Yes,Bad
No checking account,6,All paid,New car,783,Unknown/no savings,1–4 years,1,Male: single,Guarantor,2,Real estate,26,Stores,Own,1,Unskilled resident,2,None,Yes,Good
0–200 DM,12,Existing paid duly,Radio/TV,6468,Unknown/no savings,Unemployed,2,Male: single,None,1,Unknown/no property,52,None,Own,1,Management/self-employed/highly qualified,1,Yes,Yes,Bad
No checking account,36,Critical/other existing credits,Radio/TV,9566,<100 DM,1–4 years,2,Female: divorced/separated/married,None,2,Car/other,31,Stores,Own,2,Skilled employee/official,1,None,Yes,Good
>= 200 DM,18,Existing paid duly,New car,1961,<100 DM,>=7 years,3,Female: divorced/separated/married,None,2,Car/other,23,None,Own,1,Management/self-employed/highly qualified,1,None,Yes,Good
< 0 DM,36,Critical/other existing credits,Furniture/equipment,6229,<100 DM,<1 year,4,Female: divorced/separated/married,Co-applicant,4,Unknown/no property,23,None,Rent,2,Unskilled resident,1,Yes,Yes,Bad
0–200 DM,9,Existing paid duly,Business,1391,<100 DM,1–4 years,2,Male: married/widowed,None,1,Real estate,27,Bank,Own,1,Skilled employee/official,1,Yes,Yes,Good
0–200 DM,15,Critical/other existing credits,Radio/TV,1537,Unknown/no savings,>=7 years,4,Male: single,Guarantor,4,Real estate,50,None,Own,2,Skilled employee/official,1,Yes,Yes,Good
0–200 DM,36,No credits/all paid,Business,1953,<100 DM,>=7 years,4,Male: single,None,4,Unknown/no property,61,None,For free,1,Management/self-employed/highly qualified,1,Yes,Yes,Bad
0–200 DM,48,No credits/all paid,Business,14421,<100 DM,1–4 years,2,Male: single,None,2,Car/other,25,None,Own,1,Skilled employee/official,1,Yes,Yes,Bad
No checking account,24,Existing paid duly,Radio/TV,3181,<100 DM,<1 year,4,Female: divorced/separated/married,None,4,Building society/life insurance,26,None,Own,1,Skilled employee/official,1,Yes,Yes,Good
No checking account,27,Existing paid duly,Repairs,5190,Unknown/no savings,>=7 years,4,Male: single,None,4,Building society/life insurance,48,None,Own,4,Skilled employee/official,2,Yes,Yes,Good
No checking account,12,Existing paid duly,Radio/TV,2171,<100 DM,<1 year,2,Female: divorced/separated/married,None,2,Car/other,29,Bank,Own,1,Skilled employee/official,1,None,Yes,Good
0–200 DM,12,Existing paid duly,New car,1007,>=1000 DM,1–4 years,4,Male: married/widowed,None,1,Real estate,22,None,Own,1,Skilled employee/official,1,None,Yes,Good
No checking account,36,Existing paid duly,Education,1819,<100 DM,1–4 years,4,Male: single,None,4,Unknown/no property,37,Stores,For free,1,Skilled employee/official,1,Yes,Yes,Bad
No checking account,36,Existing paid duly,Radio/TV,2394,Unknown/no savings,1–4 years,4,Female: divorced/separated/married,None,4,Car/other,25,None,Own,1,Skilled employee/official,1,None,Yes,Good
No checking account,36,Existing paid duly,Used car,8133,<100 DM,1–4 years,1,Female: divorced/separated/married,None,2,Building society/life insurance,30,Bank,Own,1,Skilled employee/official,1,None,Yes,Good
No checking account,7,Critical/other existing credits,Radio/TV,730,Unknown/no savings,>=7 years,4,Male: single,None,2,Building society/life insurance,46,None,Rent,2,Unskilled resident,1,Yes,Yes,Good
< 0 DM,8,Critical/other existing credits,Other,1164,<100 DM,>=7 years,3,Male: single,None,4,Unknown/no property,51,Bank,For free,2,Management/self-employed/highly qualified,2,Yes,Yes,Good
0–200 DM,42,Critical/other existing credits,Business,5954,<100 DM,4–7 years,2,Female: divorced/separated/married,None,1,Real estate,41,Bank,Own,2,Unskilled resident,1,None,Yes,Good
< 0 DM,36,Existing paid duly,Education,1977,Unknown/no savings,>=7 years,4,Male: single,None,4,Unknown/no property,40,None,Own,1,Management/self-employed/highly qualified,1,Yes,Yes,Bad
< 0 DM,12,Critical/other existing credits,Used car,1526,<100 DM,>=7 years,4,Male: single,None,4,Unknown/no property,66,None,For free,2,Management/self-employed/highly qualified,1,None,Yes,Good
< 0 DM,42,Existing paid duly,Radio/TV,3965,<100 DM,<1 year,4,Male: single,None,3,Car/other,34,None,Own,1,Skilled employee/official,1,None,Yes,Bad
0–200 DM,11,Delay in past,Radio/TV,4771,<100 DM,4–7 years,2,Male: single,None,4,Building society/life insurance,51,None,Own,1,Skilled employee/official,1,None,Yes,Good
No checking account,54,No credits/all paid,Used car,9436,Unknown/no savings,1–4 years,2,Male: single,None,2,Building society/life insurance,39,None,Own,1,Unskilled resident,2,None,Yes,Good
0–200 DM,30,Existing paid duly,Furniture/equipment,3832,<100 DM,<1 year,2,Male: married/widowed,None,1,Building society/life insurance,22,None,Own,1,Skilled employee/official,1,None,Yes,Good
No checking account,24,Existing paid duly,Radio/TV,5943,Unknown/no savings,<1 year,1,Female: divorced/separated/married,None,1,Car/other,44,None,Own,2,Skilled employee/official,1,Yes,Yes,Bad
No checking account,15,Existing paid duly,Radio/TV,1213,500–1000 DM,>=7 years,4,Male: single,None,3,Building society/life insurance,47,Stores,Own,1,Skilled employee/official,1,Yes,Yes,Good
No checking account,18,Existing paid duly,Business,1568,100–500 DM,1–4 years,3,Female: divorced/separated/married,None,4,Building society/life insurance,24,None,Rent,1,Unskilled resident,1,None,Yes,Good
< 0 DM,24,Existing paid duly,Other,1755,<100 DM,>=7 years,4,Female: divorced/separated/married,Guarantor,4,Real estate,58,None,Own,1,Unskilled resident,1,Yes,Yes,Good
< 0 DM,10,Existing paid duly,Radio/TV,2315,<100 DM,>=7 years,3,Male: single,None,4,Real estate,52,None,Own,1,Unskilled resident,1,None,Yes,Good
No checking account,12,Critical/other existing credits,Business,1412,<100 DM,1–4 years,4,Female: divorced/separated/married,Guarantor,2,Real estate,29,None,Own,2,Management/self-employed/highly qualified,1,Yes,Yes,Good
0–200 DM,18,Critical/other existing credits,Furniture/equipment,1295,<100 DM,<1 year,4,Female: divorced/separated/married,None,1,Building society/life insurance,27,None,Own,2,Skilled employee/official,1,None,Yes,Good
0–200 DM,36,Existing paid duly,Education,12612,100–500 DM,1–4 years,1,Male: single,None,4,Unknown/no property,47,None,For free,1,Skilled employee/official,2,Yes,Yes,Bad
< 0 DM,18,Existing paid duly,New car,2249,100–500 DM,4–7 years,4,Male: single,None,3,Car/other,30,None,Own,1,Management/self-employed/highly qualified,2,Yes,Yes,Good
< 0 DM,12,No credits/all paid,Repairs,1108,<100 DM,4–7 years,4,Male: single,None,3,Real estate,28,None,Own,2,Skilled employee/official,1,None,Yes,Bad
No checking account,12,Critical/other existing credits,Radio/TV,618,<100 DM,>=7 years,4,Male: single,None,4,Real estate,56,None,Own,1,Skilled employee/official,1,None,Yes,Good
< 0 DM,12,Critical/other existing credits,Used car,1409,<100 DM,>=7 years,4,Male: single,None,3,Real estate,54,None,Own,1,Skilled employee/official,1,None,Yes,Good
No checking account,12,Critical/other existing credits,Radio/TV,797,Unknown/no savings,>=7 years,4,Female: divorced/separated/married,None,3,Building society/life insurance,33,Bank,Own,1,Unskilled resident,2,None,Yes,Bad
>= 200 DM,24,Critical/other existing credits,Furniture/equipment,3617,Unknown/no savings,>=7 years,4,Male: single,Co-applicant,4,Unknown/no property,20,None,Rent,2,Skilled employee/official,1,None,Yes,Good
0–200 DM,12,Existing paid duly,New car,1318,>=1000 DM,>=7 years,4,Male: single,None,4,Real estate,54,None,Own,1,Skilled employee/official,1,Yes,Yes,Good
0–200 DM,54,No credits/all paid,Business,15945,<100 DM,<1 year,3,Male: single,None,4,Unknown/no property,58,None,Rent,1,Skilled employee/official,1,Yes,Yes,Bad
No checking account,12,Critical/other existing credits,Education,2012,Unknown/no savings,4–7 years,4,Female: divorced/separated/married,None,2,Car/other,61,None,Own,1,Skilled employee/official,1,None,Yes,Good
0–200 DM,18,Existing paid duly,Business,2622,100–500 DM,1–4 years,4,Male: single,None,4,Car/other,34,None,Own,1,Skilled employee/official,1,None,Yes,Good
0–200 DM,36,Critical/other existing credits,Radio/TV,2337,<100 DM,>=7 years,4,Male: single,None,4,Real estate,36,None,Own,1,Skilled employee/official,1,None,Yes,Good
0–200 DM,20,Delay in past,Used car,7057,Unknown/no savings,4–7 years,3,Male: single,None,4,Building society/life insurance,36,Bank,Rent,2,Management/self-employed/highly qualified,2,Yes,Yes,Good
No checking account,24,Existing paid duly,New car,1469,100–500 DM,>=7 years,4,Male: married/widowed,None,4,Real estate,41,None,Rent,1,Unskilled resident,1,None,Yes,Good
0–200 DM,36,Existing paid duly,Radio/TV,2323,<100 DM,4–7 years,4,Male: single,None,4,Car/other,24,None,Rent,1,Skilled employee/official,1,None,Yes,Good
No checking account,6,Delay in past,Radio/TV,932,<100 DM,1–4 years,3,Female: divorced/separated/married,None,2,Real estate,24,None,Own,1,Skilled employee/official,1,None,Yes,Good
0–200 DM,9,Critical/other existing credits,Furniture/equipment,1919,<100 DM,4–7 years,4,Male: single,None,3,Car/other,35,None,Rent,1,Skilled employee/official,1,Yes,Yes,Good
No checking account,12,Existing paid duly,Used car,2445,Unknown/no savings,<1 year,2,Male: married/widowed,None,4,Car/other,26,None,Rent,1,Skilled employee/official,1,Yes,Yes,Good
0–200 DM,24,Critical/other existing credits,Other,11938,<100 DM,1–4 years,2,Male: single,Co-applicant,3,Car/other,39,None,Own,2,Management/self-employed/highly qualified,2,Yes,Yes,Bad
No checking account,18,All paid,New car,6458,<100 DM,>=7 years,2,Male: single,None,4,Unknown/no property,39,Bank,Own,2,Management/self-employed/highly qualified,2,Yes,Yes,Bad
0–200 DM,12,Existing paid duly,New car,6078,<100 DM,4–7 years,2,Male: single,None,2,Car/other,32,None,Own,1,Skilled employee/official,1,None,Yes,Good
< 0 DM,24,Existing paid duly,Furniture/equipment,7721,Unknown/no savings,<1 year,1,Female: divorced/separated/married,None,2,Building society/life insurance,30,None,Own,1,Skilled employee/official,1,Yes,No,Good
0–200 DM,14,Existing paid duly,Business,1410,500–1000 DM,>=7 years,1,Male: married/widowed,None,2,Real estate,35,None,Own,1,Skilled employee/official,1,Yes,Yes,Good
0–200 DM,6,Delay in past,Business,1449,100–500 DM,>=7 years,1,Male: divorced/separated,None,2,Car/other,31,Bank,Own,2,Skilled employee/official,2,None,Yes,Good
>= 200 DM,15,Existing paid duly,Education,392,<100 DM,<1 year,4,Female: divorced/separated/married,None,4,Building society/life insurance,23,None,Rent,1,Skilled employee/official,1,Yes,Yes,Good
0–200 DM,18,Existing paid duly,New car,6260,<100 DM,4–7 years,3,Male: single,None,3,Real estate,28,None,Rent,1,Unskilled resident,1,None,Yes,Good
No checking account,36,Critical/other existing credits,New car,7855,<100 DM,1–4 years,4,Female: divorced/separated/married,None,2,Real estate,25,Stores,Own,2,Skilled employee/official,1,Yes,Yes,Bad
< 0 DM,12,Existing paid duly,Radio/TV,1680,500–1000 DM,>=7 years,3,Male: married/widowed,None,1,Real estate,35,None,Own,1,Skilled employee/official,1,None,Yes,Good
No checking account,48,Critical/other existing credits,Radio/TV,3578,Unknown/no savings,>=7 years,4,Male: single,None,1,Real estate,47,None,Own,1,Skilled employee/official,1,Yes,Yes,Good
< 0 DM,42,Existing paid duly,Radio/TV,7174,Unknown/no savings,4–7 years,4,Female: divorced/separated/married,None,3,Car/other,30,None,Own,1,Management/self-employed/highly qualified,1,Yes,Yes,Bad
< 0 DM,10,Critical/other existing credits,Furniture/equipment,2132,Unknown/no savings,<1 year,2,Female: divorced/separated/married,Co-applicant,3,Real estate,27,None,Rent,2,Skilled employee/official,1,None,No,Good
< 0 DM,33,Critical/other existing credits,Furniture/equipment,4281,500–1000 DM,1–4 years,1,Female: divorced/separated/married,None,4,Car/other,23,None,Own,2,Skilled employee/official,1,None,Yes,Bad
0–200 DM,12,Critical/other existing credits,New car,2366,500–1000 DM,4–7 years,3,Male: divorced/separated,None,3,Car/other,36,None,Own,1,Management/self-employed/highly qualified,1,Yes,Yes,Good
< 0 DM,21,Existing paid duly,Radio/TV,1835,<100 DM,1–4 years,3,Female: divorced/separated/married,None,2,Real estate,25,None,Own,2,Skilled employee/official,1,Yes,Yes,Bad
No checking account,24,Critical/other existing credits,Used car,3868,<100 DM,>=7 years,4,Female: divorced/separated/married,None,2,Car/other,41,None,Rent,2,Management/self-employed/highly qualified,1,Yes,Yes,Good
No checking account,12,Existing paid duly,Furniture/equipment,1768,<100 DM,1–4 years,3,Male: single,None,2,Real estate,24,None,Rent,1,Unskilled resident,1,None,Yes,Good
>= 200 DM,10,Critical/other existing credits,New car,781,<100 DM,>=7 years,4,Male: single,None,4,Unknown/no property,63,None,For free,2,Skilled employee/official,1,Yes,Yes,Good
0–200 DM,18,Existing paid duly,Furniture/equipment,1924,Unknown/no savings,<1 year,4,Female: divorced/separated/married,None,3,Real estate,27,None,Rent,1,Skilled employee/official,1,None,Yes,Bad
< 0 DM,12,Critical/other existing credits,New car,2121,<100 DM,1–4 years,4,Male: single,None,2,Building society/life insurance,30,None,Own,2,Skilled employee/official,1,None,Yes,Good
< 0 DM,12,Existing paid duly,Radio/TV,701,<100 DM,1–4 years,4,Male: married/widowed,None,2,Real estate,40,None,Own,1,Unskilled resident,1,None,Yes,Good
0–200 DM,12,Existing paid duly,Repairs,639,<100 DM,1–4 years,4,Male: single,None,2,Car/other,30,None,Own,1,Skilled employee/official,1,None,Yes,Bad
0–200 DM,12,Critical/other existing credits,Used car,1860,<100 DM,Unemployed,4,Male: single,None,2,Car/other,34,None,Own,2,Management/self-employed/highly qualified,1,Yes,Yes,Good
< 0 DM,12,Critical/other existing credits,New car,3499,<100 DM,1–4 years,3,Female: divorced/separated/married,Co-applicant,2,Real estate,29,None,Own,2,Skilled employee/official,1,None,Yes,Bad
0–200 DM,48,Existing paid duly,New car,8487,Unknown/no savings,4–7 years,1,Female: divorced/separated/married,None,2,Car/other,24,None,Own,1,Skilled employee/official,1,None,Yes,Good
< 0 DM,36,Delay in past,Education,6887,<100 DM,1–4 years,4,Male: single,None,3,Building society/life insurance,29,Stores,Own,1,Skilled employee/official,1,Yes,Yes,Bad
No checking account,15,Existing paid duly,Furniture/equipment,2708,<100 DM,<1 year,2,Male: single,None,3,Building society/life insurance,27,Bank,Own,2,Unskilled resident,1,None,Yes,Good
No checking account,18,Existing paid duly,Furniture/equipment,1984,<100 DM,1–4 years,4,Male: single,None,4,Unknown/no property,47,Bank,For free,2,Skilled employee/official,1,None,Yes,Good
No checking account,60,Existing paid duly,Radio/TV,10144,100–500 DM,4–7 years,2,Female: divorced/separated/married,None,4,Real estate,21,None,Own,1,Skilled employee/official,1,Yes,Yes,Good
No checking account,12,Critical/other existing credits,Radio/TV,1240,Unknown/no savings,>=7 years,4,Female: divorced/separated/married,None,2,Real estate,38,None,Own,2,Skilled employee/official,1,Yes,Yes,Good
No checking account,27,Delay in past,Used car,8613,>=1000 DM,1–4 years,2,Male: single,None,2,Car/other,27,None,Own,2,Skilled employee/official,1,None,Yes,Good
0–200 DM,12,Existing paid duly,Radio/TV,766,500–1000 DM,1–4 years,4,Male: single,None,3,Real estate,66,None,Own,1,Unskilled resident,1,None,Yes,Bad
0–200 DM,15,Critical/other existing credits,Radio/TV,2728,Unknown/no savings,4–7 years,4,Male: single,Guarantor,2,Real estate,35,Bank,Own,3,Skilled employee/official,1,Yes,Yes,Good
>= 200 DM,12,Existing paid duly,Radio/TV,1881,<100 DM,1–4 years,2,Female: divorced/separated/married,None,2,Car/other,44,None,Rent,1,Unskilled resident,1,Yes,Yes,Good
>= 200 DM,6,Existing paid duly,New car,709,>=1000 DM,<1 year,2,Male: married/widowed,None,2,Real estate,27,None,Own,1,Unemployed/unskilled non-resident,1,None,No,Good
0–200 DM,36,Existing paid duly,Radio/TV,4795,<100 DM,<1 year,4,Female: divorced/separated/married,None,1,Unknown/no property,30,None,Own,1,Management/self-employed/highly qualified,1,Yes,Yes,Good
< 0 DM,27,Existing paid duly,Radio/TV,3416,<100 DM,1–4 years,3,Male: single,None,2,Car/other,27,None,Own,1,Management/self-employed/highly qualified,1,None,Yes,Good
< 0 DM,18,Existing paid duly,Furniture/equipment,2462,<100 DM,1–4 years,2,Male: single,None,2,Car/other,22,None,Own,1,Skilled employee/official,1,None,Yes,Bad
No checking account,21,Critical/other existing credits,Furniture/equipment,2288,<100 DM,<1 year,4,Female: divorced/separated/married,None,4,Building society/life insurance,23,None,Own,1,Skilled employee/official,1,Yes,Yes,Good
0–200 DM,48,All paid,Business,3566,100–500 DM,4–7 years,4,Male: single,None,2,Car/other,30,None,Own,1,Skilled employee/official,1,None,Yes,Good
< 0 DM,6,Critical/other existing credits,New car,860,<100 DM,>=7 years,1,Female: divorced/separated/married,None,4,Unknown/no property,39,None,Own,2,Skilled employee/official,1,Yes,Yes,Good
No checking account,12,Critical/other existing credits,New car,682,100–500 DM,4–7 years,4,Female: divorced/separated/married,None,3,Car/other,51,None,Own,2,Skilled employee/official,1,Yes,Yes,Good
< 0 DM,36,Critical/other existing credits,Furniture/equipment,5371,<100 DM,1–4 years,3,Male: single,Guarantor,2,Building society/life insurance,28,None,Own,2,Skilled employee/official,1,None,Yes,Good
No checking account,18,Critical/other existing credits,Radio/TV,1582,>=1000 DM,>=7 years,4,Male: single,None,4,Car/other,46,None,Own,2,Skilled employee/official,1,None,Yes,Good
No checking account,6,Existing paid duly,Radio/TV,1346,100–500 DM,>=7 years,2,Male: single,None,4,Unknown/no property,42,Bank,For free,1,Skilled employee/official,2,Yes,Yes,Good
No checking account,10,Existing paid duly,Radio/TV,1924,<100 DM,1–4 years,1,Male: single,None,4,Building society/life insurance,38,None,Own,1,Skilled employee/official,1,Yes,No,Good
>= 200 DM,36,Existing paid duly,Radio/TV,5848,<100 DM,1–4 years,4,Male: single,None,1,Car/other,24,None,Own,1,Skilled employee/official,1,None,Yes,Good
0–200 DM,24,Critical/other existing credits,Used car,7758,>=1000 DM,>=7 years,2,Female: divorced/separated/married,None,4,Unknown/no property,29,None,Rent,1,Skilled employee/official,1,None,Yes,Good
0–200 DM,24,Delay in past,Business,6967,100–500 DM,4–7 years,4,Male: single,None,4,Car/other,36,None,Rent,1,Management/self-employed/highly qualified,1,Yes,Yes,Good
< 0 DM,12,Existing paid duly,Furniture/equipment,1282,<100 DM,1–4 years,2,Female: divorced/separated/married,None,4,Car/other,20,None,Rent,1,Skilled employee/official,1,None,Yes,Bad
< 0 DM,9,Critical/other existing credits,Repairs,1288,100–500 DM,>=7 years,3,Male: single,Guarantor,4,Real estate,48,None,Own,2,Skilled employee/official,2,None,No,Good
< 0 DM,12,All paid,Retraining,339,<100 DM,>=7 years,4,Male: married/widowed,None,1,Car/other,45,Bank,Own,1,Unskilled resident,1,None,Yes,Good
0–200 DM,24,Existing paid duly,New car,3512,100–500 DM,4–7 years,2,Male: single,None,3,Car/other,38,Bank,Own,2,Skilled employee/official,1,Yes,Yes,Good
No checking account,6,Critical/other existing credits,Radio/TV,1898,Unknown/no savings,1–4 years,1,Male: single,None,2,Real estate,34,None,Own,2,Unskilled resident,2,None,Yes,Good
No checking account,24,Critical/other existing credits,Radio/TV,2872,100–500 DM,>=7 years,3,Male: single,None,4,Real estate,36,None,Own,1,Skilled employee/official,2,Yes,Yes,Good
No checking account,18,Critical/other existing credits,New car,1055,<100 DM,<1 year,4,Female: divorced/separated/married,None,1,Building society/life insurance,30,None,Own,2,Skilled employee/official,1,None,Yes,Good
No checking account,15,Existing paid duly,Domestic appliances,1262,500–1000 DM,4–7 years,4,Male: single,None,3,Building society/life insurance,36,None,Own,2,Skilled employee/official,1,Yes,Yes,Good
0–200 DM,10,Existing paid duly,New car,7308,<100 DM,Unemployed,2,Male: single,None,4,Unknown/no property,70,Bank,For free,1,Management/self-employed/highly qualified,1,Yes,Yes,Good
No checking account,36,Existing paid duly,New car,909,500–1000 DM,>=7 years,4,Male: single,None,4,Building society/life insurance,36,None,Own,1,Skilled employee/official,1,None,Yes,Good
No checking account,6,Existing paid duly,Furniture/equipment,2978,500–1000 DM,1–4 years,1,Male: single,None,2,Car/other,32,None,Own,1,Skilled employee/official,1,Yes,Yes,Good
< 0 DM,18,Existing paid duly,Furniture/equipment,1131,<100 DM,Unemployed,4,Female: divorced/separated/married,None,2,Car/other,33,None,Own,1,Skilled employee/official,1,None,Yes,Bad
0–200 DM,11,Existing paid duly,Furniture/equipment,1577,>=1000 DM,<1 year,4,Female: divorced/separated/married,None,1,Real estate,20,None,Own,1,Skilled employee/official,1,None,Yes,Good
No checking account,24,Existing paid duly,Furniture/equipment,3972,<100 DM,4–7 years,2,Female: divorced/separated/married,None,4,Building society/life insurance,25,None,Rent,1,Skilled employee/official,1,Yes,Yes,Good
0–200 DM,24,Critical/other existing credits,Business,1935,<100 DM,>=7 years,4,Male: divorced/separated,None,4,Real estate,31,None,Own,2,Skilled employee/official,1,Yes,Yes,Bad
< 0 DM,15,No credits/all paid,New car,950,<100 DM,>=7 years,4,Male: single,None,3,Car/other,33,None,Rent,2,Skilled employee/official,2,None,Yes,Bad
No checking account,12,Existing paid duly,Furniture/equipment,763,<100 DM,1–4 years,4,Female: divorced/separated/married,None,1,Real estate,26,None,Own,1,Skilled employee/official,1,Yes,Yes,Good
0–200 DM,24,Delay in past,Furniture/equipment,2064,<100 DM,Unemployed,3,Female: divorced/separated/married,None,2,Building society/life insurance,34,None,Own,1,Management/self-employed/highly qualified,1,Yes,Yes,Bad
0–200 DM,8,Existing paid duly,Radio/TV,1414,<100 DM,1–4 years,4,Male: single,Guarantor,2,Real estate,33,None,Own,1,Skilled employee/official,1,None,No,Good
< 0 DM,21,Delay in past,Education,3414,<100 DM,<1 year,2,Male: single,None,1,Building society/life insurance,26,None,Own,2,Skilled employee/official,1,None,Yes,Bad
No checking account,30,All paid,Used car,7485,Unknown/no savings,Unemployed,4,Female: divorced/separated/married,None,1,Real estate,53,Bank,Own,1,Management/self-employed/highly qualified,1,Yes,Yes,Bad
< 0 DM,12,Existing paid duly,Furniture/equipment,2577,<100 DM,1–4 years,2,Male: divorced/separated,None,1,Car/other,42,None,Own,1,Skilled employee/official,1,None,Yes,Good
< 0 DM,6,Critical/other existing credits,Radio/TV,338,500–1000 DM,>=7 years,4,Male: single,None,4,Car/other,52,None,Own,2,Skilled employee/official,1,None,Yes,Good
No checking account,12,Existing paid duly,Radio/TV,1963,<100 DM,4–7 years,4,Male: single,None,2,Car/other,31,None,Rent,2,Management/self-employed/highly qualified,2,Yes,Yes,Good
< 0 DM,21,Critical/other existing credits,New car,571,<100 DM,>=7 years,4,Male: single,None,4,Real estate,65,None,Own,2,Skilled employee/official,1,None,Yes,Good
No checking account,36,Delay in past,Business,9572,<100 DM,<1 year,1,Male: divorced/separated,None,1,Car/other,28,None,Own,2,Skilled employee/official,1,None,Yes,Bad
0–200 DM,36,Delay in past,Business,4455,<100 DM,1–4 years,2,Male: divorced/separated,None,2,Real estate,30,Stores,Own,2,Management/self-employed/highly qualified,1,Yes,Yes,Bad
< 0 DM,21,All paid,New car,1647,Unknown/no savings,1–4 years,4,Male: single,None,2,Building society/life insurance,40,None,Own,2,Unskilled resident,2,None,Yes,Bad
No checking account,24,Critical/other existing credits,Furniture/equipment,3777,>=1000 DM,1–4 years,4,Male: single,None,4,Real estate,50,None,Own,1,Skilled employee/official,1,Yes,Yes,Good
0–200 DM,18,Critical/other existing credits,New car,884,<100 DM,>=7 years,4,Male: single,None,4,Car/other,36,Bank,Own,1,Skilled employee/official,2,Yes,Yes,Bad
No checking account,15,Critical/other existing credits,Radio/TV,1360,<100 DM,1–4 years,4,Male: single,None,2,Building society/life insurance,31,None,Own,2,Skilled employee/official,1,None,Yes,Good
0–200 DM,9,All paid,Used car,5129,<100 DM,>=7 years,2,Female: divorced/separated/married,None,4,Unknown/no property,74,Bank,For free,1,Management/self-employed/highly qualified,2,Yes,Yes,Bad
0–200 DM,16,Critical/other existing credits,New car,1175,<100 DM,Unemployed,2,Male: single,None,3,Car/other,68,None,For free,3,Unemployed/unskilled non-resident,1,Yes,Yes,Good
< 0 DM,12,Existing paid duly,Radio/TV,674,100–500 DM,4–7 years,4,Male: married/widowed,None,1,Building society/life insurance,20,None,Own,1,Skilled employee/official,1,None,Yes,Bad
0–200 DM,18,No credits/all paid,Furniture/equipment,3244,<100 DM,1–4 years,1,Female: divorced/separated/married,None,4,Car/other,33,Bank,Own,2,Skilled employee/official,1,Yes,Yes,Good
No checking account,24,Existing paid duly,Business,4591,>=1000 DM,1–4 years,2,Male: single,None,3,Building society/life insurance,54,None,Own,3,Management/self-employed/highly qualified,1,Yes,Yes,Bad
0–200 DM,48,No credits/all paid,Business,3844,100–500 DM,4–7 years,4,Male: single,None,4,Unknown/no property,34,None,For free,1,Unskilled resident,2,None,Yes,Bad
0–200 DM,27,Existing paid duly,Business,3915,<100 DM,1–4 years,4,Male: single,None,2,Car/other,36,None,Own,1,Skilled employee/official,2,Yes,Yes,Bad
No checking account,6,Existing paid duly,Radio/TV,2108,<100 DM,4–7 years,2,Male: married/widowed,None,2,Real estate,29,None,Rent,1,Skilled employee/official,1,None,Yes,Good
0–200 DM,45,Existing paid duly,Radio/TV,3031,100–500 DM,1–4 years,4,Male: single,Guarantor,4,Building society/life insurance,21,None,Rent,1,Skilled employee/official,1,None,Yes,Bad
0–200 DM,9,Critical/other existing credits,Education,1501,<100 DM,>=7 years,2,Female: divorced/separated/married,None,3,Car/other,34,None,Own,2,Management/self-employed/highly qualified,1,Yes,Yes,Bad
No checking account,6,Critical/other existing credits,Radio/TV,1382,<100 DM,1–4 years,1,Female: divorced/separated/married,None,1,Car/other,28,None,Own,2,Skilled employee/official,1,Yes,Yes,Good
0–200 DM,12,Existing paid duly,Furniture/equipment,951,100–500 DM,<1 year,4,Female: divorced/separated/married,None,4,Car/other,27,Bank,Rent,4,Skilled employee/official,1,None,Yes,Bad
0–200 DM,24,Existing paid duly,Used car,2760,Unknown/no savings,>=7 years,4,Male: single,None,4,Unknown/no property,36,Bank,For free,1,Skilled employee/official,1,Yes,Yes,Good
0–200 DM,18,Delay in past,Furniture/equipment,4297,<100 DM,>=7 years,4,Male: divorced/separated,None,3,Unknown/no property,40,None,Own,1,Management/self-employed/highly qualified,1,Yes,Yes,Bad
No checking account,9,Critical/other existing credits,Education,936,500–1000 DM,>=7 years,4,Male: single,None,2,Car/other,52,None,Own,2,Skilled employee/official,1,Yes,Yes,Good
< 0 DM,12,Existing paid duly,New car,1168,<100 DM,1–4 years,4,Male: married/widowed,None,3,Real estate,27,None,Own,1,Unskilled resident,1,None,Yes,Good
No checking account,27,Delay in past,Business,5117,<100 DM,4–7 years,3,Male: single,None,4,Car/other,26,None,Own,2,Skilled employee/official,1,None,Yes,Good
< 0 DM,12,Existing paid duly,Retraining,902,<100 DM,4–7 years,4,Male: married/widowed,None,4,Building society/life insurance,21,None,Rent,1,Skilled employee/official,1,None,Yes,Bad
No checking account,12,Critical/other existing credits,New car,1495,<100 DM,>=7 years,4,Male: single,None,1,Real estate,38,None,Own,2,Unskilled resident,2,None,Yes,Good
< 0 DM,30,Critical/other existing credits,Used car,10623,<100 DM,>=7 years,3,Male: single,None,4,Unknown/no property,38,None,For free,3,Management/self-employed/highly qualified,2,Yes,Yes,Good
No checking account,12,Critical/other existing credits,Furniture/equipment,1935,<100 DM,>=7 years,4,Male: single,None,4,Real estate,43,None,Own,3,Skilled employee/official,1,Yes,Yes,Good
0–200 DM,12,Critical/other existing credits,Domestic appliances,1424,<100 DM,4–7 years,4,Male: single,None,3,Building society/life insurance,26,None,Own,1,Skilled employee/official,1,None,Yes,Good
< 0 DM,24,Existing paid duly,Business,6568,<100 DM,1–4 years,2,Male: married/widowed,None,2,Car/other,21,Stores,Own,1,Unskilled resident,1,None,Yes,Good
No checking account,12,Existing paid duly,Used car,1413,>=1000 DM,4–7 years,3,Male: single,None,2,Building society/life insurance,55,None,Own,1,Skilled employee/official,1,None,No,Good
No checking account,9,Critical/other existing credits,Radio/TV,3074,Unknown/no savings,1–4 years,1,Male: single,None,2,Real estate,33,None,Own,2,Skilled employee/official,2,None,Yes,Good
No checking account,36,Existing paid duly,Radio/TV,3835,Unknown/no savings,>=7 years,2,Female: divorced/separated/married,None,4,Real estate,45,None,Own,1,Unskilled resident,1,Yes,Yes,Good
< 0 DM,27,No credits/all paid,Business,5293,<100 DM,Unemployed,2,Male: single,None,4,Building society/life insurance,50,Stores,Own,2,Skilled employee/official,1,Yes,Yes,Bad
>= 200 DM,30,Delay in past,Business,1908,<100 DM,>=7 years,4,Male: single,None,4,Real estate,66,None,Own,1,Management/self-employed/highly qualified,1,Yes,Yes,Bad
No checking account,36,Critical/other existing credits,Radio/TV,3342,Unknown/no savings,>=7 years,4,Male: single,None,2,Car/other,51,None,Own,1,Skilled employee/official,1,Yes,Yes,Good
0–200 DM,6,Critical/other existing credits,Retraining,932,Unknown/no savings,4–7 years,1,Female: divorced/separated/married,None,3,Building society/life insurance,39,None,Own,2,Unskilled resident,1,None,Yes,Good
< 0 DM,18,No credits/all paid,Business,3104,<100 DM,4–7 years,3,Male: single,None,1,Building society/life insurance,31,Bank,Own,1,Skilled employee/official,1,Yes,Yes,Good
>= 200 DM,36,Existing paid duly,Radio/TV,3913,<100 DM,1–4 years,2,Male: single,None,2,Real estate,23,None,Own,1,Skilled employee/official,1,Yes,Yes,Good
< 0 DM,24,Existing paid duly,Furniture/equipment,3021,<100 DM,1–4 years,2,Male: divorced/separated,None,2,Real estate,24,None,Rent,1,Unskilled resident,1,None,Yes,Good
No checking account,10,Existing paid duly,New car,1364,<100 DM,1–4 years,2,Female: divorced/separated/married,None,4,Car/other,64,None,Own,1,Skilled employee/official,1,Yes,Yes,Good
0–200 DM,12,Existing paid duly,Radio/TV,625,<100 DM,<1 year,4,Male: married/widowed,Guarantor,1,Real estate,26,Bank,Own,1,Unskilled resident,1,None,Yes,Good
< 0 DM,12,Existing paid duly,Education,1200,Unknown/no savings,1–4 years,4,Female: divorced/separated/married,None,4,Building society/life insurance,23,Bank,Rent,1,Skilled employee/official,1,Yes,Yes,Good
No checking account,12,Existing paid duly,Radio/TV,707,<100 DM,1–4 years,4,Male: single,None,2,Real estate,30,Bank,Own,2,Skilled employee/official,1,None,Yes,Good
No checking account,24,Delay in past,Business,2978,Unknown/no savings,1–4 years,4,Male: single,None,4,Real estate,32,None,Own,2,Skilled employee/official,2,Yes,Yes,Good
No checking account,15,Existing paid duly,Used car,4657,<100 DM,1–4 years,3,Male: single,None,2,Car/other,30,None,Own,1,Skilled employee/official,1,Yes,Yes,Good
No checking account,36,No credits/all paid,Repairs,2613,<100 DM,1–4 years,4,Male: single,None,2,Car/other,27,None,Own,2,Skilled employee/official,1,None,Yes,Good
0–200 DM,48,Existing paid duly,Radio/TV,10961,>=1000 DM,4–7 years,1,Male: single,Co-applicant,2,Unknown/no property,27,Bank,Own,2,Skilled employee/official,1,Yes,Yes,Bad
< 0 DM,12,Existing paid duly,Furniture/equipment,7865,<100 DM,>=7 years,4,Male: single,None,4,Unknown/no property,53,None,For free,1,Management/self-employed/highly qualified,1,Yes,Yes,Bad
No checking account,9,Existing paid duly,Radio/TV,1478,<100 DM,4–7 years,4,Male: single,None,2,Car/other,22,None,Own,1,Skilled employee/official,1,None,Yes,Bad
< 0 DM,24,Existing paid duly,Furniture/equipment,3149,<100 DM,<1 year,4,Male: single,None,1,Unknown/no property,22,Bank,For free,1,Skilled employee/official,1,None,Yes,Good
>= 200 DM,36,Existing paid duly,Radio/TV,4210,<100 DM,1–4 years,4,Male: single,None,2,Car/other,26,None,Own,1,Skilled employee/official,1,None,Yes,Bad
No checking account,9,Existing paid duly,New car,2507,500–1000 DM,>=7 years,2,Male: single,None,4,Unknown/no property,51,None,For free,1,Unskilled resident,1,None,Yes,Good
No checking account,12,Existing paid duly,Radio/TV,2141,100–500 DM,4–7 years,3,Male: single,None,1,Unknown/no property,35,None,Own,1,Skilled employee/official,1,None,Yes,Good
0–200 DM,18,Existing paid duly,Radio/TV,866,<100 DM,1–4 years,4,Male: married/widowed,Guarantor,2,Real estate,25,None,Own,1,Unskilled resident,1,None,Yes,Good
No checking account,4,Critical/other existing credits,Radio/TV,1544,<100 DM,4–7 years,2,Male: single,None,1,Real estate,42,None,Own,3,Unskilled resident,2,None,Yes,Good
< 0 DM,24,Existing paid duly,Radio/TV,1823,<100 DM,Unemployed,4,Male: single,None,2,Car/other,30,Stores,Own,1,Management/self-employed/highly qualified,2,None,Yes,Bad
0–200 DM,6,Existing paid duly,New car,14555,Unknown/no savings,Unemployed,1,Male: single,None,2,Building society/life insurance,23,None,Own,1,Unemployed/unskilled non-resident,1,Yes,Yes,Bad
0–200 DM,21,Existing paid duly,Business,2767,100–500 DM,>=7 years,4,Male: divorced/separated,None,2,Car/other,61,Bank,Rent,2,Unskilled resident,1,None,Yes,Bad
No checking account,12,Critical/other existing credits,Radio/TV,1291,<100 DM,1–4 years,4,Female: divorced/separated/married,None,2,Building society/life insurance,35,None,Own,2,Skilled employee/official,1,None,Yes,Good
< 0 DM,30,Existing paid duly,Radio/TV,2522,<100 DM,>=7 years,1,Male: single,Guarantor,3,Building society/life insurance,39,None,Own,1,Skilled employee/official,2,None,Yes,Good
< 0 DM,24,Existing paid duly,New car,915,Unknown/no savings,>=7 years,4,Female: divorced/separated/married,None,2,Car/other,29,Bank,Own,1,Skilled employee/official,1,None,Yes,Bad
No checking account,6,Existing paid duly,Radio/TV,1595,<100 DM,4–7 years,3,Male: single,None,2,Building society/life insurance,51,None,Own,1,Skilled employee/official,2,None,Yes,Good
< 0 DM,48,No credits/all paid,Used car,4605,<100 DM,>=7 years,3,Male: single,None,4,Unknown/no property,24,None,For free,2,Skilled employee/official,2,None,Yes,Bad
No checking account,12,Critical/other existing credits,Business,1185,<100 DM,1–4 years,3,Female: divorced/separated/married,None,2,Real estate,27,None,Own,2,Skilled employee/official,1,None,Yes,Good
No checking account,12,All paid,Retraining,3447,500–1000 DM,1–4 years,4,Female: divorced/separated/married,None,3,Real estate,35,None,Own,1,Unskilled resident,2,None,Yes,Good
No checking account,24,Existing paid duly,Business,1258,<100 DM,4–7 years,4,Male: single,None,1,Real estate,25,None,Own,1,Skilled employee/official,1,Yes,Yes,Good
No checking account,12,Critical/other existing credits,Radio/TV,717,<100 DM,>=7 years,4,Male: single,None,4,Real estate,52,None,Own,3,Skilled employee/official,1,None,Yes,Good
No checking account,6,No credits/all paid,New car,1204,100–500 DM,1–4 years,4,Male: single,None,1,Unknown/no property,35,Bank,Rent,1,Skilled employee/official,1,None,No,Good
>= 200 DM,24,Existing paid duly,Furniture/equipment,1925,<100 DM,1–4 years,2,Male: single,None,2,Real estate,26,None,Own,1,Skilled employee/official,1,None,Yes,Good
No checking account,18,Existing paid duly,Radio/TV,433,<100 DM,Unemployed,3,Female: divorced/separated/married,Co-applicant,4,Real estate,22,None,Rent,1,Skilled employee/official,1,None,Yes,Bad
< 0 DM,6,Critical/other existing credits,New car,666,>=1000 DM,4–7 years,3,Female: divorced/separated/married,None,4,Real estate,39,None,Own,2,Unskilled resident,1,Yes,Yes,Good
>= 200 DM,12,Existing paid duly,Furniture/equipment,2251,<100 DM,1–4 years,1,Female: divorced/separated/married,None,2,Car/other,46,None,Own,1,Unskilled resident,1,None,Yes,Good
0–200 DM,30,Existing paid duly,New car,2150,<100 DM,1–4 years,4,Female: divorced/separated/married,Guarantor,2,Unknown/no property,24,Bank,Own,1,Skilled employee/official,1,None,Yes,Bad
No checking account,24,Delay in past,Furniture/equipment,4151,100–500 DM,1–4 years,2,Male: single,None,3,Building society/life insurance,35,None,Own,2,Skilled employee/official,1,None,Yes,Good
0–200 DM,9,Existing paid duly,Furniture/equipment,2030,Unknown/no savings,4–7 years,2,Male: single,None,1,Car/other,24,None,Own,1,Skilled employee/official,1,Yes,Yes,Good
0–200 DM,60,Delay in past,Radio/TV,7418,Unknown/no savings,1–4 years,1,Male: single,None,1,Real estate,27,None,Own,1,Unskilled resident,1,None,Yes,Good
No checking account,24,Critical/other existing credits,Radio/TV,2684,<100 DM,1–4 years,4,Male: single,None,2,Real estate,35,None,Own,2,Unskilled resident,1,None,Yes,Good
< 0 DM,12,All paid,Radio/TV,2149,<100 DM,1–4 years,4,Male: divorced/separated,None,1,Unknown/no property,29,None,For free,1,Skilled employee/official,1,None,Yes,Bad
No checking account,15,Existing paid duly,Used car,3812,100–500 DM,<1 year,1,Female: divorced/separated/married,None,4,Car/other,23,None,Own,1,Skilled employee/official,1,Yes,Yes,Good
No checking account,11,Critical/other existing credits,Radio/TV,1154,100–500 DM,Unemployed,4,Female: divorced/separated/married,None,4,Real estate,57,None,Own,3,Unskilled resident,1,None,Yes,Good
< 0 DM,12,Existing paid duly,Furniture/equipment,1657,<100 DM,1–4 years,2,Male: single,None,2,Real estate,27,None,Own,1,Skilled employee/official,1,None,Yes,Good
< 0 DM,24,Existing paid duly,Radio/TV,1603,<100 DM,>=7 years,4,Female: divorced/separated/married,None,4,Car/other,55,None,Own,1,Skilled employee/official,1,None,Yes,Good
< 0 DM,18,Critical/other existing credits,New car,5302,<100 DM,>=7 years,2,Male: single,None,4,Unknown/no property,36,None,For free,3,Management/self-employed/highly qualified,1,Yes,Yes,Good
No checking account,12,Critical/other existing credits,Education,2748,<100 DM,>=7 years,2,Female: divorced/separated/married,None,4,Unknown/no property,57,Bank,For free,3,Unskilled resident,1,None,Yes,Good
No checking account,10,Critical/other existing credits,New car,1231,<100 DM,>=7 years,3,Male: single,None,4,Real estate,32,None,Own,2,Unskilled resident,2,None,No,Good
0–200 DM,15,Existing paid duly,Radio/TV,802,<100 DM,>=7 years,4,Male: single,None,3,Car/other,37,None,Own,1,Skilled employee/official,2,None,Yes,Bad
No checking account,36,Critical/other existing credits,Business,6304,Unknown/no savings,>=7 years,4,Male: single,None,4,Real estate,36,None,Own,2,Skilled employee/official,1,None,Yes,Good
No checking account,24,Existing paid duly,Radio/TV,1533,<100 DM,<1 year,4,Female: divorced/separated/married,None,3,Car/other,38,Stores,Own,1,Skilled employee/official,1,Yes,Yes,Good
< 0 DM,14,Existing paid duly,New car,8978,<100 DM,>=7 years,1,Male: divorced/separated,None,4,Building society/life insurance,45,None,Own,1,Management/self-employed/highly qualified,1,Yes,No,Bad
No checking account,24,Existing paid duly,Radio/TV,999,Unknown/no savings,>=7 years,4,Male: single,None,2,Car/other,25,None,Own,2,Skilled employee/official,1,None,Yes,Good
No checking account,18,Existing paid duly,New car,2662,Unknown/no savings,4–7 years,4,Male: single,None,3,Building society/life insurance,32,None,Own,1,Skilled employee/official,1,None,No,Good
No checking account,12,Critical/other existing credits,Furniture/equipment,1402,500–1000 DM,4–7 years,3,Female: divorced/separated/married,None,4,Car/other,37,None,Rent,1,Skilled employee/official,1,Yes,Yes,Good
0–200 DM,48,All paid,New car,12169,Unknown/no savings,Unemployed,4,Male: single,Co-applicant,4,Unknown/no property,36,None,For free,1,Management/self-employed/highly qualified,1,Yes,Yes,Good
0–200 DM,48,Existing paid duly,Radio/TV,3060,<100 DM,4–7 years,4,Male: single,None,4,Real estate,28,None,Own,2,Skilled employee/official,1,None,Yes,Bad
< 0 DM,30,Existing paid duly,Repairs,11998,<100 DM,<1 year,1,Male: divorced/separated,None,1,Unknown/no property,34,None,Own,1,Unskilled resident,1,Yes,Yes,Bad
No checking account,9,Existing paid duly,Radio/TV,2697,<100 DM,1–4 years,1,Male: single,None,2,Real estate,32,None,Own,1,Skilled employee/official,2,None,Yes,Good
No checking account,18,Critical/other existing credits,Radio/TV,2404,<100 DM,1–4 years,2,Female: divorced/separated/married,None,2,Car/other,26,None,Own,2,Skilled employee/official,1,None,Yes,Good
< 0 DM,12,Existing paid duly,Furniture/equipment,1262,Unknown/no savings,>=7 years,2,Male: divorced/separated,None,4,Building society/life insurance,49,None,Own,1,Unskilled resident,1,Yes,Yes,Good
No checking account,6,Existing paid duly,Furniture/equipment,4611,<100 DM,<1 year,1,Female: divorced/separated/married,None,4,Building society/life insurance,32,None,Own,1,Skilled employee/official,1,None,Yes,Bad
No checking account,24,Existing paid duly,Radio/TV,1901,100–500 DM,1–4 years,4,Male: single,None,4,Car/other,29,None,Rent,1,Management/self-employed/highly qualified,1,Yes,Yes,Good
No checking account,15,Critical/other existing credits,Used car,3368,>=1000 DM,>=7 years,3,Male: single,None,4,Unknown/no property,23,None,Rent,2,Skilled employee/official,1,Yes,Yes,Good
No checking account,12,Existing paid duly,Furniture/equipment,1574,<100 DM,1–4 years,4,Male: single,None,2,Real estate,50,None,Own,1,Skilled employee/official,1,None,Yes,Good
>= 200 DM,18,All paid,Radio/TV,1445,Unknown/no savings,4–7 years,4,Male: single,None,4,Car/other,49,Bank,Own,1,Unskilled resident,1,None,Yes,Good
No checking account,15,Critical/other existing credits,Furniture/equipment,1520,Unknown/no savings,>=7 years,4,Male: single,None,4,Building society/life insurance,63,None,Own,1,Skilled employee/official,1,None,Yes,Good
0–200 DM,24,Critical/other existing credits,New car,3878,100–500 DM,<1 year,4,Male: divorced/separated,None,2,Car/other,37,None,Own,1,Skilled employee/official,1,Yes,Yes,Good
< 0 DM,47,Existing paid duly,New car,10722,<100 DM,<1 year,1,Female: divorced/separated/married,None,1,Real estate,35,None,Own,1,Unskilled resident,1,Yes,Yes,Good
< 0 DM,48,Existing paid duly,Used car,4788,<100 DM,4–7 years,4,Male: single,None,3,Building society/life insurance,26,None,Own,1,Skilled employee/official,2,None,Yes,Good
0–200 DM,48,Delay in past,Other,7582,100–500 DM,Unemployed,2,Male: single,None,4,Unknown/no property,31,None,For free,1,Management/self-employed/highly qualified,1,Yes,Yes,Good
0–200 DM,12,Existing paid duly,Radio/TV,1092,<100 DM,1–4 years,4,Female: divorced/separated/married,Guarantor,4,Real estate,49,None,Own,2,Skilled employee/official,1,Yes,Yes,Good
< 0 DM,24,Delay in past,Radio/TV,1024,<100 DM,<1 year,4,Male: married/widowed,None,4,Real estate,48,Stores,Own,1,Skilled employee/official,1,None,Yes,Bad
No checking account,12,Existing paid duly,Business,1076,<100 DM,1–4 years,2,Male: married/widowed,None,2,Real estate,26,None,Own,1,Skilled employee/official,1,Yes,No,Good
0–200 DM,36,Existing paid duly,Used car,9398,<100 DM,<1 year,1,Male: married/widowed,None,4,Car/other,28,None,Rent,1,Management/self-employed/highly qualified,1,Yes,Yes,Bad
< 0 DM,24,Critical/other existing credits,Used car,6419,<100 DM,>=7 years,2,Female: divorced/separated/married,None,4,Unknown/no property,44,None,For free,2,Management/self-employed/highly qualified,2,Yes,Yes,Good
>= 200 DM,42,Critical/other existing credits,Used car,4796,<100 DM,>=7 years,4,Male: single,None,4,Unknown/no property,56,None,For free,1,Skilled employee/official,1,None,Yes,Good
No checking account,48,Critical/other existing credits,Business,7629,Unknown/no savings,>=7 years,4,Male: divorced/separated,None,2,Car/other,46,Bank,Own,2,Management/self-employed/highly qualified,2,None,Yes,Good
0–200 DM,48,Existing paid duly,Furniture/equipment,9960,<100 DM,<1 year,1,Female: divorced/separated/married,None,2,Car/other,26,None,Own,1,Skilled employee/official,1,Yes,Yes,Bad
No checking account,12,Existing paid duly,Used car,4675,Unknown/no savings,<1 year,1,Female: divorced/separated/married,None,4,Car/other,20,None,Rent,1,Skilled employee/official,1,None,Yes,Good
No checking account,10,Existing paid duly,New car,1287,Unknown/no savings,>=7 years,4,Male: single,Co-applicant,2,Building society/life insurance,45,None,Own,1,Unskilled resident,1,None,No,Good
No checking account,18,Existing paid duly,Furniture/equipment,2515,<100 DM,1–4 years,3,Male: single,None,4,Real estate,43,None,Own,1,Skilled employee/official,1,Yes,Yes,Good
0–200 DM,21,Critical/other existing credits,Furniture/equipment,2745,>=1000 DM,4–7 years,3,Male: single,None,2,Car/other,32,None,Own,2,Skilled employee/official,1,Yes,Yes,Good
No checking account,6,Existing paid duly,New car,672,<100 DM,Unemployed,1,Female: divorced/separated/married,None,4,Real estate,54,None,Own,1,Unemployed/unskilled non-resident,1,Yes,Yes,Good
0–200 DM,36,No credits/all paid,Radio/TV,3804,<100 DM,1–4 years,4,Female: divorced/separated/married,None,1,Car/other,42,None,Own,1,Skilled employee/official,1,Yes,Yes,Bad
>= 200 DM,24,Critical/other existing credits,New car,1344,Unknown/no savings,4–7 years,4,Male: single,None,2,Real estate,37,Bank,Own,2,Unskilled resident,2,None,Yes,Bad
< 0 DM,10,Critical/other existing credits,New car,1038,<100 DM,4–7 years,4,Male: single,Co-applicant,3,Building society/life insurance,49,None,Own,2,Skilled employee/official,1,Yes,Yes,Good
No checking account,48,Critical/other existing credits,New car,10127,500–1000 DM,1–4 years,2,Male: single,None,2,Unknown/no property,44,Bank,For free,1,Skilled employee/official,1,None,Yes,Bad
No checking account,6,Existing paid duly,Furniture/equipment,1543,>=1000 DM,1–4 years,4,Male: divorced/separated,None,2,Real estate,33,None,Own,1,Skilled employee/official,1,None,Yes,Good
No checking account,30,Existing paid duly,Used car,4811,Unknown/no savings,4–7 years,2,Female: divorced/separated/married,None,4,Building society/life insurance,24,Stores,Rent,1,Unskilled resident,1,None,Yes,Good
< 0 DM,12,Existing paid duly,Radio/TV,727,100–500 DM,<1 year,4,Male: married/widowed,None,3,Unknown/no property,33,None,Own,1,Unskilled resident,1,Yes,Yes,Bad
0–200 DM,8,Existing paid duly,Furniture/equipment,1237,<100 DM,1–4 years,3,Female: divorced/separated/married,None,4,Real estate,24,None,Own,1,Skilled employee/official,1,None,Yes,Bad
0–200 DM,9,Existing paid duly,New car,276,<100 DM,1–4 years,4,Male: married/widowed,None,4,Real estate,22,None,Rent,1,Unskilled resident,1,None,Yes,Good
0–200 DM,48,Existing paid duly,Other,5381,Unknown/no savings,Unemployed,3,Male: single,None,4,Unknown/no property,40,Bank,For free,1,Unemployed/unskilled non-resident,1,Yes,Yes,Good
No checking account,24,Existing paid duly,Furniture/equipment,5511,100–500 DM,1–4 years,4,Male: single,None,1,Car/other,25,Stores,Own,1,Skilled employee/official,1,None,Yes,Good
>= 200 DM,24,Existing paid duly,Furniture/equipment,3749,<100 DM,<1 year,2,Female: divorced/separated/married,None,4,Car/other,26,None,Own,1,Skilled employee/official,1,None,Yes,Good
0–200 DM,12,Existing paid duly,New car,685,<100 DM,4–7 years,2,Male: married/widowed,None,3,Car/other,25,Bank,Own,1,Unskilled resident,1,None,Yes,Bad
>= 200 DM,4,Existing paid duly,New car,1494,Unknown/no savings,<1 year,1,Male: single,None,2,Real estate,29,None,Own,1,Unskilled resident,2,None,No,Good
< 0 DM,36,All paid,Furniture/equipment,2746,<100 DM,>=7 years,4,Male: single,None,4,Car/other,31,Bank,Own,1,Skilled employee/official,1,None,Yes,Bad
< 0 DM,12,Existing paid duly,Furniture/equipment,708,<100 DM,1–4 years,2,Male: single,Guarantor,3,Building society/life insurance,38,None,Own,1,Unskilled resident,2,None,Yes,Good
0–200 DM,24,Existing paid duly,Furniture/equipment,4351,Unknown/no savings,1–4 years,1,Female: divorced/separated/married,None,4,Building society/life insurance,48,None,Own,1,Unskilled resident,1,Yes,Yes,Good
No checking account,12,Critical/other existing credits,Education,701,<100 DM,1–4 years,4,Male: single,None,2,Car/other,32,None,Own,2,Skilled employee/official,1,None,Yes,Good
< 0 DM,15,Delay in past,Furniture/equipment,3643,<100 DM,>=7 years,1,Female: divorced/separated/married,None,4,Building society/life insurance,27,None,Own,2,Unskilled resident,1,None,Yes,Good
0–200 DM,30,Critical/other existing credits,New car,4249,<100 DM,Unemployed,4,Male: married/widowed,None,2,Car/other,28,None,Own,2,Management/self-employed/highly qualified,1,None,Yes,Bad
< 0 DM,24,Existing paid duly,Radio/TV,1938,<100 DM,<1 year,4,Male: divorced/separated,None,3,Building society/life insurance,32,None,Own,1,Skilled employee/official,1,None,Yes,Bad
< 0 DM,24,Existing paid duly,Used car,2910,<100 DM,4–7 years,2,Male: single,None,1,Unknown/no property,34,None,For free,1,Management/self-employed/highly qualified,1,Yes,Yes,Good
< 0 DM,18,Existing paid duly,Furniture/equipment,2659,>=1000 DM,1–4 years,4,Male: single,None,2,Car/other,28,None,Own,1,Skilled employee/official,1,None,Yes,Good
No checking account,18,Critical/other existing credits,New car,1028,<100 DM,1–4 years,4,Female: divorced/separated/married,None,3,Real estate,36,None,Own,2,Skilled employee/official,1,None,Yes,Good
< 0 DM,8,Critical/other existing credits,New car,3398,<100 DM,4–7 years,1,Male: single,None,4,Real estate,39,None,Own,2,Unskilled resident,1,None,No,Good
No checking account,12,Critical/other existing credits,Furniture/equipment,5801,Unknown/no savings,>=7 years,2,Male: single,None,4,Building society/life insurance,49,None,Rent,1,Skilled employee/official,1,Yes,Yes,Good
No checking account,24,Existing paid duly,New car,1525,>=1000 DM,4–7 years,4,Female: divorced/separated/married,None,3,Car/other,34,None,Own,1,Skilled employee/official,2,Yes,Yes,Good
>= 200 DM,36,Existing paid duly,Radio/TV,4473,<100 DM,>=7 years,4,Male: single,None,2,Car/other,31,None,Own,1,Skilled employee/official,1,None,Yes,Good
0–200 DM,6,Existing paid duly,Radio/TV,1068,<100 DM,>=7 years,4,Male: single,None,4,Car/other,28,None,Own,1,Skilled employee/official,2,None,Yes,Good
< 0 DM,24,Critical/other existing credits,Used car,6615,<100 DM,Unemployed,2,Male: single,None,4,Unknown/no property,75,None,For free,2,Management/self-employed/highly qualified,1,Yes,Yes,Good
No checking account,18,Critical/other existing credits,Education,1864,100–500 DM,1–4 years,4,Female: divorced/separated/married,None,2,Real estate,30,None,Own,2,Skilled employee/official,1,None,Yes,Bad
0–200 DM,60,Existing paid duly,New car,7408,100–500 DM,<1 year,4,Female: divorced/separated/married,None,2,Building society/life insurance,24,None,Own,1,Management/self-employed/highly qualified,1,None,Yes,Bad
No checking account,48,Critical/other existing credits,Used car,11590,100–500 DM,1–4 years,2,Female: divorced/separated/married,None,4,Car/other,24,Bank,Rent,2,Unskilled resident,1,None,Yes,Bad
< 0 DM,24,No credits/all paid,Furniture/equipment,4110,<100 DM,>=7 years,3,Male: single,None,4,Unknown/no property,23,Bank,Rent,2,Skilled employee/official,2,None,Yes,Bad
< 0 DM,6,Critical/other existing credits,Furniture/equipment,3384,<100 DM,1–4 years,1,Male: divorced/separated,None,4,Real estate,44,None,Rent,1,Management/self-employed/highly qualified,1,Yes,Yes,Bad
0–200 DM,13,Existing paid duly,Radio/TV,2101,<100 DM,<1 year,2,Female: divorced/separated/married,Guarantor,4,Building society/life insurance,23,None,Own,1,Unskilled resident,1,None,Yes,Good
< 0 DM,15,Existing paid duly,Domestic appliances,1275,Unknown/no savings,1–4 years,4,Female: divorced/separated/married,None,2,Car/other,24,None,Rent,1,Skilled employee/official,1,None,Yes,Bad
< 0 DM,24,Existing paid duly,Furniture/equipment,4169,<100 DM,1–4 years,4,Male: single,None,4,Building society/life insurance,28,None,Own,1,Skilled employee/official,1,None,Yes,Good
0–200 DM,10,Existing paid duly,Furniture/equipment,1521,<100 DM,1–4 years,4,Male: divorced/separated,None,2,Car/other,31,None,Own,1,Unskilled resident,1,None,Yes,Good
0–200 DM,24,Critical/other existing credits,Education,5743,<100 DM,<1 year,2,Female: divorced/separated/married,None,4,Unknown/no property,24,None,For free,2,Skilled employee/official,1,Yes,Yes,Good
< 0 DM,21,Existing paid duly,Furniture/equipment,3599,<100 DM,4–7 years,1,Female: divorced/separated/married,None,4,Car/other,26,None,Rent,1,Unskilled resident,1,None,Yes,Good
0–200 DM,18,Existing paid duly,Radio/TV,3213,500–1000 DM,<1 year,1,Male: married/widowed,None,3,Real estate,25,None,Rent,1,Skilled employee/official,1,None,Yes,Good
0–200 DM,18,Existing paid duly,Business,4439,<100 DM,>=7 years,1,Male: single,Co-applicant,1,Real estate,33,Bank,Own,1,Management/self-employed/highly qualified,1,Yes,Yes,Good
>= 200 DM,10,Existing paid duly,New car,3949,<100 DM,<1 year,1,Male: single,Guarantor,1,Building society/life insurance,37,None,Own,1,Unskilled resident,2,None,Yes,Good
No checking account,15,Critical/other existing credits,Radio/TV,1459,<100 DM,1–4 years,4,Female: divorced/separated/married,None,2,Car/other,43,None,Own,1,Unskilled resident,1,None,Yes,Good
0–200 DM,13,Critical/other existing credits,Radio/TV,882,<100 DM,<1 year,4,Male: single,Guarantor,4,Real estate,23,None,Own,2,Skilled employee/official,1,None,Yes,Good
0–200 DM,24,Existing paid duly,Radio/TV,3758,500–1000 DM,Unemployed,1,Female: divorced/separated/married,None,4,Unknown/no property,23,None,Rent,1,Unemployed/unskilled non-resident,1,None,Yes,Good
No checking account,6,Delay in past,Business,1743,100–500 DM,1–4 years,1,Male: single,None,2,Real estate,34,None,Own,2,Unskilled resident,1,None,Yes,Good
0–200 DM,9,Critical/other existing credits,Education,1136,>=1000 DM,>=7 years,4,Male: single,None,3,Unknown/no property,32,None,For free,2,Skilled employee/official,2,None,Yes,Bad
No checking account,9,Existing paid duly,Domestic appliances,1236,<100 DM,<1 year,1,Female: divorced/separated/married,None,4,Real estate,23,None,Rent,1,Skilled employee/official,1,Yes,Yes,Good
0–200 DM,9,Existing paid duly,Furniture/equipment,959,<100 DM,1–4 years,1,Female: divorced/separated/married,None,2,Car/other,29,None,Own,1,Skilled employee/official,1,None,No,Bad
No checking account,18,Critical/other existing credits,Used car,3229,Unknown/no savings,Unemployed,2,Male: single,None,4,Unknown/no property,38,None,Own,1,Management/self-employed/highly qualified,1,Yes,Yes,Good
< 0 DM,12,No credits/all paid,Radio/TV,6199,<100 DM,1–4 years,4,Male: single,None,2,Building society/life insurance,28,None,Rent,2,Skilled employee/official,1,Yes,Yes,Bad
No checking account,10,Existing paid duly,Education,727,500–1000 DM,>=7 years,4,Male: single,None,4,Unknown/no property,46,None,For free,1,Skilled employee/official,1,Yes,Yes,Good
0–200 DM,24,Existing paid duly,New car,1246,<100 DM,<1 year,4,Male: single,None,2,Real estate,23,Stores,Own,1,Unskilled resident,1,None,Yes,Bad
No checking account,12,Critical/other existing credits,Radio/TV,2331,Unknown/no savings,>=7 years,1,Male: single,Co-applicant,4,Real estate,49,None,Own,1,Skilled employee/official,1,Yes,Yes,Good
No checking account,36,Delay in past,Radio/TV,4463,<100 DM,1–4 years,4,Male: single,None,2,Car/other,26,None,Own,2,Management/self-employed/highly qualified,1,Yes,Yes,Bad
No checking account,12,Existing paid duly,Radio/TV,776,<100 DM,1–4 years,4,Male: married/widowed,None,2,Real estate,28,None,Own,1,Skilled employee/official,1,None,Yes,Good
< 0 DM,30,Existing paid duly,Furniture/equipment,2406,<100 DM,4–7 years,4,Female: divorced/separated/married,None,4,Real estate,23,None,Rent,1,Skilled employee/official,1,None,Yes,Bad
0–200 DM,18,Existing paid duly,Education,1239,Unknown/no savings,1–4 years,4,Male: single,None,4,Unknown/no property,61,None,For free,1,Skilled employee/official,1,None,Yes,Good
>= 200 DM,12,Existing paid duly,Radio/TV,3399,Unknown/no savings,>=7 years,2,Male: single,None,3,Car/other,37,None,Own,1,Management/self-employed/highly qualified,1,None,Yes,Good
>= 200 DM,12,Delay in past,New car,2247,<100 DM,1–4 years,2,Female: divorced/separated/married,None,2,Car/other,36,Stores,Own,2,Skilled employee/official,1,Yes,Yes,Good
No checking account,6,Existing paid duly,Furniture/equipment,1766,<100 DM,1–4 years,1,Male: married/widowed,None,2,Building society/life insurance,21,None,Rent,1,Skilled employee/official,1,None,Yes,Good
< 0 DM,18,Existing paid duly,Furniture/equipment,2473,<100 DM,Unemployed,4,Male: single,None,1,Car/other,25,None,Own,1,Unemployed/unskilled non-resident,1,None,Yes,Bad
No checking account,12,Existing paid duly,Business,1542,<100 DM,4–7 years,2,Male: single,None,4,Car/other,36,None,Own,1,Skilled employee/official,1,Yes,Yes,Good
No checking account,18,Critical/other existing credits,Used car,3850,<100 DM,4–7 years,3,Male: single,None,1,Car/other,27,None,Own,2,Skilled employee/official,1,None,Yes,Good
< 0 DM,18,Existing paid duly,Furniture/equipment,3650,<100 DM,<1 year,1,Female: divorced/separated/married,None,4,Car/other,22,None,Rent,1,Skilled employee/official,1,None,Yes,Good
< 0 DM,36,Existing paid duly,Furniture/equipment,3446,<100 DM,>=7 years,4,Male: single,None,2,Car/other,42,None,Own,1,Skilled employee/official,2,None,Yes,Bad
0–200 DM,18,Existing paid duly,Furniture/equipment,3001,<100 DM,4–7 years,2,Female: divorced/separated/married,None,4,Real estate,40,None,Rent,1,Skilled employee/official,1,None,Yes,Good
No checking account,36,Existing paid duly,New car,3079,Unknown/no savings,1–4 years,4,Male: single,None,4,Real estate,36,None,Own,1,Skilled employee/official,1,None,Yes,Good
No checking account,18,Critical/other existing credits,Radio/TV,6070,<100 DM,>=7 years,3,Male: single,None,4,Car/other,33,None,Own,2,Skilled employee/official,1,Yes,Yes,Good
No checking account,10,Critical/other existing credits,Furniture/equipment,2146,<100 DM,<1 year,1,Female: divorced/separated/married,None,3,Real estate,23,None,Rent,2,Skilled employee/official,1,None,Yes,Good
No checking account,60,Critical/other existing credits,New car,13756,Unknown/no savings,>=7 years,2,Male: single,None,4,Unknown/no property,63,Bank,For free,1,Management/self-employed/highly qualified,1,Yes,Yes,Good
0–200 DM,60,All paid,Other,14782,100–500 DM,>=7 years,3,Female: divorced/separated/married,None,4,Unknown/no property,60,Bank,For free,2,Management/self-employed/highly qualified,1,Yes,Yes,Bad
< 0 DM,48,All paid,Business,7685,<100 DM,4–7 years,2,Female: divorced/separated/married,Guarantor,4,Car/other,37,None,Rent,1,Skilled employee/official,1,None,Yes,Bad
No checking account,18,Delay in past,Radio/TV,2320,<100 DM,Unemployed,2,Male: married/widowed,None,3,Real estate,34,None,Own,2,Skilled employee/official,1,None,Yes,Good
No checking account,7,Delay in past,Radio/TV,846,Unknown/no savings,>=7 years,3,Male: single,None,4,Unknown/no property,36,None,For free,1,Skilled employee/official,1,None,Yes,Good
0–200 DM,36,Existing paid duly,New car,14318,<100 DM,>=7 years,4,Male: single,None,2,Unknown/no property,57,None,For free,1,Management/self-employed/highly qualified,1,Yes,Yes,Bad
No checking account,6,Critical/other existing credits,New car,362,100–500 DM,1–4 years,4,Female: divorced/separated/married,None,4,Car/other,52,None,Own,2,Unskilled resident,1,None,Yes,Good
< 0 DM,20,Existing paid duly,Furniture/equipment,2212,Unknown/no savings,4–7 years,4,Male: single,None,4,Car/other,39,None,Own,1,Skilled employee/official,1,Yes,Yes,Good
0–200 DM,18,Existing paid duly,Used car,12976,<100 DM,Unemployed,3,Female: divorced/separated/married,None,4,Unknown/no property,38,None,For free,1,Management/self-employed/highly qualified,1,Yes,Yes,Bad
No checking account,22,Existing paid duly,New car,1283,Unknown/no savings,4–7 years,4,Female: divorced/separated/married,None,4,Building society/life insurance,25,None,Rent,1,Skilled employee/official,1,None,Yes,Good
>= 200 DM,12,Existing paid duly,New car,1330,<100 DM,<1 year,4,Male: single,None,1,Real estate,26,None,Own,1,Skilled employee/official,1,None,Yes,Good
No checking account,30,Delay in past,Business,4272,100–500 DM,1–4 years,2,Male: single,None,2,Building society/life insurance,26,None,Own,2,Unskilled resident,1,None,Yes,Good
No checking account,18,Critical/other existing credits,Radio/TV,2238,<100 DM,1–4 years,2,Female: divorced/separated/married,None,1,Car/other,25,None,Own,2,Skilled employee/official,1,None,Yes,Good
No checking account,18,Existing paid duly,Radio/TV,1126,Unknown/no savings,<1 year,4,Female: divorced/separated/married,None,2,Real estate,21,None,Rent,1,Skilled employee/official,1,Yes,Yes,Good
0–200 DM,18,Critical/other existing credits,Furniture/equipment,7374,<100 DM,Unemployed,4,Male: single,None,4,Building society/life insurance,40,Stores,Own,2,Management/self-employed/highly qualified,1,Yes,Yes,Good
0–200 DM,15,Critical/other existing credits,Business,2326,500–1000 DM,1–4 years,2,Male: single,None,4,Car/other,27,Bank,Own,1,Skilled employee/official,1,None,Yes,Good
No checking account,9,Existing paid duly,Business,1449,<100 DM,4–7 years,3,Female: divorced/separated/married,None,2,Car/other,27,None,Own,2,Skilled employee/official,1,None,Yes,Good
No checking account,18,Existing paid duly,New car,1820,<100 DM,1–4 years,2,Male: married/widowed,None,2,Building society/life insurance,30,None,Own,1,Management/self-employed/highly qualified,1,Yes,Yes,Good
0–200 DM,12,Existing paid duly,Furniture/equipment,983,>=1000 DM,<1 year,1,Female: divorced/separated/married,None,4,Real estate,19,None,Rent,1,Unskilled resident,1,None,Yes,Good
< 0 DM,36,Existing paid duly,New car,3249,<100 DM,4–7 years,2,Male: single,None,4,Unknown/no property,39,Bank,For free,1,Management/self-employed/highly qualified,2,Yes,Yes,Good
< 0 DM,6,Critical/other existing credits,Radio/TV,1957,<100 DM,4–7 years,1,Female: divorced/separated/married,None,4,Car/other,31,None,Own,1,Skilled employee/official,1,None,Yes,Good
No checking account,9,Critical/other existing credits,Furniture/equipment,2406,<100 DM,Unemployed,2,Male: single,None,3,Car/other,31,None,Own,1,Management/self-employed/highly qualified,1,None,Yes,Good
0–200 DM,39,Delay in past,Education,11760,100–500 DM,4–7 years,2,Male: single,None,3,Unknown/no property,32,None,Rent,1,Skilled employee/official,1,Yes,Yes,Good
< 0 DM,12,Existing paid duly,Furniture/equipment,2578,<100 DM,Unemployed,3,Female: divorced/separated/married,None,4,Unknown/no property,55,None,For free,1,Management/self-employed/highly qualified,1,None,Yes,Good
< 0 DM,36,Critical/other existing credits,Furniture/equipment,2348,<100 DM,1–4 years,3,Male: married/widowed,None,2,Building society/life insurance,46,None,Own,2,Skilled employee/official,1,Yes,Yes,Good
0–200 DM,12,Existing paid duly,New car,1223,<100 DM,>=7 years,1,Male: divorced/separated,None,1,Real estate,46,None,Rent,2,Skilled employee/official,1,None,Yes,Bad
No checking account,24,Critical/other existing credits,Radio/TV,1516,>=1000 DM,1–4 years,4,Female: divorced/separated/married,None,1,Real estate,43,None,Own,2,Unskilled resident,1,None,Yes,Good
No checking account,18,Existing paid duly,Radio/TV,1473,<100 DM,<1 year,3,Male: married/widowed,None,4,Real estate,39,None,Own,1,Skilled employee/official,1,Yes,Yes,Good
0–200 DM,18,Critical/other existing credits,Business,1887,Unknown/no savings,1–4 years,4,Male: married/widowed,None,4,Real estate,28,Bank,Own,2,Skilled employee/official,1,None,Yes,Good
No checking account,24,Delay in past,Business,8648,<100 DM,<1 year,2,Male: single,None,2,Car/other,27,Bank,Own,2,Skilled employee/official,1,Yes,Yes,Bad
No checking account,14,Delay in past,New car,802,<100 DM,1–4 years,4,Male: single,None,2,Car/other,27,None,Own,2,Unskilled resident,1,None,Yes,Good
0–200 DM,18,Delay in past,New car,2899,Unknown/no savings,>=7 years,4,Male: single,None,4,Car/other,43,None,Own,1,Skilled employee/official,2,None,Yes,Good
0–200 DM,24,Existing paid duly,Radio/TV,2039,<100 DM,<1 year,1,Male: married/widowed,None,1,Building society/life insurance,22,None,Own,1,Skilled employee/official,1,Yes,Yes,Bad
No checking account,24,Critical/other existing credits,Used car,2197,Unknown/no savings,4–7 years,4,Male: single,None,4,Car/other,43,None,Own,2,Skilled employee/official,2,Yes,Yes,Good
< 0 DM,15,Existing paid duly,Radio/TV,1053,<100 DM,<1 year,4,Male: married/widowed,None,2,Real estate,27,None,Own,1,Skilled employee/official,1,None,No,Good
No checking account,24,Existing paid duly,Radio/TV,3235,500–1000 DM,>=7 years,3,Male: divorced/separated,None,2,Car/other,26,None,Own,1,Management/self-employed/highly qualified,1,Yes,Yes,Good
>= 200 DM,12,Critical/other existing credits,New car,939,500–1000 DM,4–7 years,4,Male: married/widowed,None,2,Real estate,28,None,Own,3,Skilled employee/official,1,Yes,Yes,Bad
0–200 DM,24,Existing paid duly,Radio/TV,1967,<100 DM,>=7 years,4,Female: divorced/separated/married,None,4,Car/other,20,None,Own,1,Skilled employee/official,1,Yes,Yes,Good
No checking account,33,Critical/other existing credits,Used car,7253,<100 DM,4–7 years,3,Male: single,None,2,Car/other,35,None,Own,2,Management/self-employed/highly qualified,1,Yes,Yes,Good
No checking account,12,Critical/other existing credits,Business,2292,<100 DM,Unemployed,4,Male: single,None,2,Car/other,42,Stores,Own,2,Management/self-employed/highly qualified,1,Yes,Yes,Bad
No checking account,10,Existing paid duly,New car,1597,500–1000 DM,1–4 years,3,Male: single,None,2,Unknown/no property,40,None,Rent,1,Unskilled resident,2,None,No,Good
< 0 DM,24,Existing paid duly,New car,1381,Unknown/no savings,1–4 years,4,Female: divorced/separated/married,None,2,Building society/life insurance,35,None,Own,1,Skilled employee/official,1,None,Yes,Bad
No checking account,36,Critical/other existing credits,Used car,5842,<100 DM,>=7 years,2,Male: single,None,2,Building society/life insurance,35,None,Own,2,Skilled employee/official,2,Yes,Yes,Good
< 0 DM,12,Existing paid duly,New car,2579,<100 DM,<1 year,4,Male: single,None,1,Real estate,33,None,Own,1,Unskilled resident,2,None,Yes,Bad
< 0 DM,18,Delay in past,Education,8471,Unknown/no savings,1–4 years,1,Female: divorced/separated/married,None,2,Car/other,23,None,Rent,2,Skilled employee/official,1,Yes,Yes,Good
No checking account,21,Existing paid duly,New car,2782,500–1000 DM,4–7 years,1,Female: divorced/separated/married,None,2,Car/other,31,Bank,Own,1,Management/self-employed/highly qualified,1,None,Yes,Good
0–200 DM,18,Existing paid duly,New car,1042,Unknown/no savings,1–4 years,4,Female: divorced/separated/married,None,2,Building society/life insurance,33,None,Own,1,Skilled employee/official,1,None,Yes,Bad
No checking account,15,Existing paid duly,New car,3186,>=1000 DM,4–7 years,2,Female: divorced/separated/married,None,3,Car/other,20,None,Rent,1,Skilled employee/official,1,None,Yes,Good
0–200 DM,12,Existing paid duly,Used car,2028,Unknown/no savings,1–4 years,4,Male: single,None,2,Car/other,30,None,Own,1,Skilled employee/official,1,None,Yes,Good
0–200 DM,12,Critical/other existing credits,New car,958,<100 DM,4–7 years,2,Male: single,None,3,Real estate,47,None,Own,2,Unskilled resident,2,None,Yes,Good
No checking account,21,Delay in past,Furniture/equipment,1591,100–500 DM,4–7 years,4,Male: single,None,3,Real estate,34,None,Own,2,Management/self-employed/highly qualified,1,None,Yes,Good
0–200 DM,12,Existing paid duly,Furniture/equipment,2762,Unknown/no savings,>=7 years,1,Female: divorced/separated/married,None,2,Building society/life insurance,25,Bank,Own,1,Skilled employee/official,1,Yes,Yes,Bad
0–200 DM,18,Existing paid duly,Used car,2779,<100 DM,1–4 years,1,Male: married/widowed,None,3,Car/other,21,None,Rent,1,Skilled employee/official,1,Yes,Yes,Good
No checking account,28,Critical/other existing credits,Radio/TV,2743,<100 DM,>=7 years,4,Male: single,None,2,Car/other,29,None,Own,2,Skilled employee/official,1,None,Yes,Good
No checking account,18,Critical/other existing credits,Radio/TV,1149,>=1000 DM,1–4 years,4,Male: single,None,3,Real estate,46,None,Own,2,Skilled employee/official,1,None,Yes,Good
No checking account,9,Existing paid duly,Furniture/equipment,1313,<100 DM,>=7 years,1,Male: single,None,4,Car/other,20,None,Own,1,Skilled employee/official,1,None,Yes,Good
< 0 DM,18,Critical/other existing credits,Repairs,1190,<100 DM,Unemployed,2,Female: divorced/separated/married,None,4,Unknown/no property,55,None,For free,3,Unemployed/unskilled non-resident,2,None,Yes,Bad
No checking account,5,Existing paid duly,Business,3448,<100 DM,4–7 years,1,Male: single,None,4,Real estate,74,None,Own,1,Unskilled resident,1,None,Yes,Good
0–200 DM,24,Existing paid duly,Other,11328,<100 DM,1–4 years,2,Male: single,Co-applicant,3,Car/other,29,Bank,Own,2,Management/self-employed/highly qualified,1,Yes,Yes,Bad
< 0 DM,6,Critical/other existing credits,Furniture/equipment,1872,<100 DM,Unemployed,4,Male: single,None,4,Unknown/no property,36,None,For free,3,Management/self-employed/highly qualified,1,Yes,Yes,Good
No checking account,24,Critical/other existing credits,Repairs,2058,<100 DM,1–4 years,4,Male: divorced/separated,None,2,Real estate,33,None,Own,2,Skilled employee/official,1,Yes,Yes,Good
< 0 DM,9,Existing paid duly,Furniture/equipment,2136,<100 DM,1–4 years,3,Male: single,None,2,Real estate,25,None,Own,1,Skilled employee/official,1,None,Yes,Good
0–200 DM,12,Existing paid duly,Radio/TV,1484,Unknown/no savings,1–4 years,2,Male: married/widowed,None,1,Real estate,25,None,Own,1,Skilled employee/official,1,Yes,Yes,Bad
No checking account,6,Existing paid duly,Repairs,660,500–1000 DM,4–7 years,2,Male: married/widowed,None,4,Real estate,23,None,Rent,1,Unskilled resident,1,None,Yes,Good
No checking account,24,Critical/other existing credits,New car,1287,>=1000 DM,>=7 years,4,Female: divorced/separated/married,None,4,Real estate,37,None,Own,2,Skilled employee/official,1,Yes,Yes,Good
< 0 DM,42,Critical/other existing credits,Repairs,3394,<100 DM,Unemployed,4,Male: single,Co-applicant,4,Car/other,65,None,Own,2,Unemployed/unskilled non-resident,1,None,Yes,Good
>= 200 DM,12,All paid,Business,609,<100 DM,<1 year,4,Female: divorced/separated/married,None,1,Real estate,26,None,Own,1,Unemployed/unskilled non-resident,1,None,Yes,Bad
No checking account,12,Existing paid duly,New car,1884,<100 DM,>=7 years,4,Male: single,None,4,Car/other,39,None,Own,1,Management/self-employed/highly qualified,1,Yes,Yes,Good
< 0 DM,12,Existing paid duly,Furniture/equipment,1620,<100 DM,1–4 years,2,Female: divorced/separated/married,Co-applicant,3,Building society/life insurance,30,None,Own,1,Skilled employee/official,1,None,Yes,Good
0–200 DM,20,Delay in past,Other,2629,<100 DM,1–4 years,2,Male: single,None,3,Car/other,29,Bank,Own,2,Skilled employee/official,1,Yes,Yes,Good
No checking account,12,Existing paid duly,Education,719,<100 DM,>=7 years,4,Male: single,None,4,Car/other,41,Bank,Own,1,Unskilled resident,2,None,Yes,Bad
0–200 DM,48,Critical/other existing credits,Furniture/equipment,5096,<100 DM,1–4 years,2,Female: divorced/separated/married,None,3,Car/other,30,None,Own,1,Management/self-employed/highly qualified,1,Yes,Yes,Bad
No checking account,9,Critical/other existing credits,Education,1244,Unknown/no savings,>=7 years,4,Female: divorced/separated/married,None,4,Building society/life insurance,41,None,Rent,2,Unskilled resident,1,None,Yes,Good
< 0 DM,36,Existing paid duly,New car,1842,<100 DM,<1 year,4,Female: divorced/separated/married,None,4,Car/other,34,None,Own,1,Skilled employee/official,1,Yes,Yes,Bad
0–200 DM,7,Existing paid duly,Radio/TV,2576,<100 DM,1–4 years,2,Male: single,Guarantor,2,Real estate,35,None,Own,1,Skilled employee/official,1,None,Yes,Good
>= 200 DM,12,Existing paid duly,Furniture/equipment,1424,Unknown/no savings,>=7 years,3,Female: divorced/separated/married,None,4,Real estate,55,None,Own,1,Management/self-employed/highly qualified,1,Yes,Yes,Good
0–200 DM,15,Delay in past,Repairs,1512,>=1000 DM,1–4 years,3,Male: married/widowed,None,3,Building society/life insurance,61,Stores,Own,2,Skilled employee/official,1,None,Yes,Bad
No checking account,36,Critical/other existing credits,Used car,11054,Unknown/no savings,1–4 years,4,Male: single,None,2,Car/other,30,None,Own,1,Management/self-employed/highly qualified,1,Yes,Yes,Good
No checking account,6,Existing paid duly,Radio/TV,518,<100 DM,1–4 years,3,Female: divorced/separated/married,None,1,Real estate,29,None,Own,1,Skilled employee/official,1,None,Yes,Good
No checking account,12,No credits/all paid,Furniture/equipment,2759,<100 DM,>=7 years,2,Male: single,None,4,Building society/life insurance,34,None,Own,2,Skilled employee/official,1,None,Yes,Good
No checking account,24,Existing paid duly,Used car,2670,<100 DM,>=7 years,4,Male: single,None,4,Car/other,35,None,Own,1,Management/self-employed/highly qualified,1,Yes,Yes,Good
< 0 DM,24,Existing paid duly,New car,4817,<100 DM,4–7 years,2,Male: single,Co-applicant,3,Building society/life insurance,31,None,Own,1,Skilled employee/official,1,Yes,Yes,Bad
No checking account,24,Existing paid duly,Used car,2679,<100 DM,<1 year,4,Female: divorced/separated/married,None,1,Unknown/no property,29,None,Own,1,Management/self-employed/highly qualified,1,Yes,Yes,Good
< 0 DM,11,Critical/other existing credits,New car,3905,<100 DM,1–4 years,2,Male: single,None,2,Real estate,36,None,Rent,2,Skilled employee/official,2,None,Yes,Good
< 0 DM,12,Existing paid duly,Used car,3386,<100 DM,>=7 years,3,Male: single,None,4,Unknown/no property,35,None,For free,1,Skilled employee/official,1,Yes,Yes,Bad
< 0 DM,6,Existing paid duly,Domestic appliances,343,<100 DM,<1 year,4,Female: divorced/separated/married,None,1,Real estate,27,None,Own,1,Skilled employee/official,1,None,Yes,Good
No checking account,18,Existing paid duly,Radio/TV,4594,<100 DM,<1 year,3,Male: single,None,2,Car/other,32,None,Own,1,Skilled employee/official,1,Yes,Yes,Good
< 0 DM,36,Existing paid duly,Furniture/equipment,3620,<100 DM,1–4 years,1,Male: single,Guarantor,2,Building society/life insurance,37,None,Own,1,Skilled employee/official,2,None,Yes,Good
< 0 DM,15,Existing paid duly,New car,1721,<100 DM,<1 year,2,Male: single,None,3,Real estate,36,None,Own,1,Skilled employee/official,1,None,Yes,Good
0–200 DM,12,Existing paid duly,Furniture/equipment,3017,<100 DM,<1 year,3,Female: divorced/separated/married,None,1,Real estate,34,None,Rent,1,Management/self-employed/highly qualified,1,None,Yes,Good
0–200 DM,12,Existing paid duly,Retraining,754,Unknown/no savings,>=7 years,4,Male: single,None,4,Building society/life insurance,38,None,Own,2,Skilled employee/official,1,None,Yes,Good
No checking account,18,Existing paid duly,Business,1950,<100 DM,4–7 years,4,Male: single,None,1,Car/other,34,Stores,Own,2,Skilled employee/official,1,Yes,Yes,Good
< 0 DM,24,Existing paid duly,Used car,2924,<100 DM,1–4 years,3,Male: single,Guarantor,4,Unknown/no property,63,Bank,Own,1,Skilled employee/official,2,Yes,Yes,Good
< 0 DM,24,Delay in past,Radio/TV,1659,<100 DM,<1 year,4,Female: divorced/separated/married,None,2,Car/other,29,None,Rent,1,Unskilled resident,1,Yes,Yes,Bad
No checking account,48,Delay in past,Radio/TV,7238,Unknown/no savings,>=7 years,3,Male: single,None,3,Car/other,32,Bank,Own,2,Skilled employee/official,2,None,Yes,Good
No checking account,33,Delay in past,Business,2764,<100 DM,1–4 years,2,Female: divorced/separated/married,None,2,Car/other,26,None,Own,2,Skilled employee/official,1,Yes,Yes,Good
No checking account,24,Delay in past,Used car,4679,<100 DM,4–7 years,3,Male: single,None,3,Car/other,35,None,Own,2,Unskilled resident,1,Yes,Yes,Good
0–200 DM,24,Existing paid duly,Radio/TV,3092,100–500 DM,<1 year,3,Male: married/widowed,None,2,Car/other,22,None,Rent,1,Skilled employee/official,1,Yes,Yes,Bad
< 0 DM,6,Existing paid duly,Education,448,<100 DM,<1 year,4,Female: divorced/separated/married,None,4,Building society/life insurance,23,None,Own,1,Skilled employee/official,1,None,Yes,Bad
< 0 DM,9,Existing paid duly,New car,654,<100 DM,1–4 years,4,Male: single,None,3,Car/other,28,None,Own,1,Unskilled resident,1,None,Yes,Bad
No checking account,6,Existing paid duly,Retraining,1238,Unknown/no savings,Unemployed,4,Male: single,None,4,Building society/life insurance,36,None,Own,1,Management/self-employed/highly qualified,2,Yes,Yes,Good
0–200 DM,18,Critical/other existing credits,Radio/TV,1245,<100 DM,1–4 years,4,Male: married/widowed,None,2,Car/other,33,None,Own,1,Skilled employee/official,1,None,Yes,Bad
< 0 DM,18,No credits/all paid,Furniture/equipment,3114,<100 DM,<1 year,1,Female: divorced/separated/married,None,4,Building society/life insurance,26,None,Rent,1,Skilled employee/official,1,None,Yes,Bad
No checking account,39,Existing paid duly,Used car,2569,500–1000 DM,1–4 years,4,Male: single,None,4,Car/other,24,None,Own,1,Skilled employee/official,1,None,Yes,Good
>= 200 DM,24,Existing paid duly,Radio/TV,5152,<100 DM,4–7 years,4,Male: single,None,2,Car/other,25,Bank,Own,1,Skilled employee/official,1,None,Yes,Good
0–200 DM,12,Existing paid duly,Business,1037,100–500 DM,4–7 years,3,Male: single,None,4,Real estate,39,None,Own,1,Unskilled resident,1,None,Yes,Good
< 0 DM,15,Critical/other existing credits,Furniture/equipment,1478,<100 DM,>=7 years,4,Male: single,None,4,Car/other,44,None,Own,2,Skilled employee/official,2,Yes,Yes,Good
0–200 DM,12,Critical/other existing credits,Radio/TV,3573,<100 DM,1–4 years,1,Female: divorced/separated/married,None,1,Real estate,23,None,Own,1,Unskilled resident,1,None,Yes,Good
0–200 DM,24,Existing paid duly,New car,1201,<100 DM,<1 year,4,Male: single,None,1,Building society/life insurance,26,None,Own,1,Skilled employee/official,1,None,Yes,Good
< 0 DM,30,Existing paid duly,Furniture/equipment,3622,>=1000 DM,>=7 years,4,Female: divorced/separated/married,None,4,Building society/life insurance,57,None,Rent,2,Skilled employee/official,1,Yes,Yes,Good
No checking account,15,Delay in past,Furniture/equipment,960,>=1000 DM,4–7 years,3,Female: divorced/separated/married,None,2,Building society/life insurance,30,None,Own,2,Skilled employee/official,1,None,Yes,Good
No checking account,12,Critical/other existing credits,New car,1163,500–1000 DM,1–4 years,4,Male: single,None,4,Real estate,44,None,Own,1,Skilled employee/official,1,Yes,Yes,Good
0–200 DM,6,Delay in past,New car,1209,<100 DM,Unemployed,4,Male: single,None,4,Building society/life insurance,47,None,Own,1,Management/self-employed/highly qualified,1,Yes,Yes,Bad
No checking account,12,Existing paid duly,Radio/TV,3077,<100 DM,1–4 years,2,Male: single,None,4,Car/other,52,None,Own,1,Skilled employee/official,1,Yes,Yes,Good
No checking account,24,Existing paid duly,New car,3757,<100 DM,>=7 years,4,Female: divorced/separated/married,Co-applicant,4,Unknown/no property,62,None,For free,1,Skilled employee/official,1,Yes,Yes,Good
No checking account,10,Existing paid duly,New car,1418,100–500 DM,1–4 years,3,Male: single,None,2,Real estate,35,None,Rent,1,Unskilled resident,1,None,No,Good
No checking account,6,Existing paid duly,New car,3518,<100 DM,1–4 years,2,Male: single,Guarantor,3,Building society/life insurance,26,None,Rent,1,Skilled employee/official,1,None,Yes,Good
No checking account,12,Critical/other existing credits,Radio/TV,1934,<100 DM,>=7 years,2,Male: single,None,2,Unknown/no property,26,None,Own,2,Skilled employee/official,1,None,Yes,Good
0–200 DM,27,No credits/all paid,Business,8318,<100 DM,>=7 years,2,Female: divorced/separated/married,None,4,Unknown/no property,42,None,For free,2,Management/self-employed/highly qualified,1,Yes,Yes,Bad
No checking account,6,Critical/other existing credits,Radio/TV,1237,100–500 DM,1–4 years,1,Female: divorced/separated/married,None,1,Building society/life insurance,27,None,Own,2,Skilled employee/official,1,None,Yes,Good
0–200 DM,6,Existing paid duly,Radio/TV,368,Unknown/no savings,>=7 years,4,Male: single,None,4,Building society/life insurance,38,None,Own,1,Skilled employee/official,1,None,Yes,Good
< 0 DM,12,Critical/other existing credits,New car,2122,<100 DM,1–4 years,3,Male: single,None,2,Real estate,39,None,Rent,2,Unskilled resident,2,None,No,Good
< 0 DM,24,Existing paid duly,Furniture/equipment,2996,Unknown/no savings,1–4 years,2,Male: married/widowed,None,4,Car/other,20,None,Own,1,Skilled employee/official,1,None,Yes,Bad
0–200 DM,36,Existing paid duly,Furniture/equipment,9034,100–500 DM,<1 year,4,Male: single,Co-applicant,1,Unknown/no property,29,None,Rent,1,Management/self-employed/highly qualified,1,Yes,Yes,Bad
No checking account,24,Critical/other existing credits,Furniture/equipment,1585,<100 DM,4–7 years,4,Male: single,None,3,Building society/life insurance,40,None,Own,2,Skilled employee/official,1,None,Yes,Good
0–200 DM,18,Existing paid duly,Radio/TV,1301,<100 DM,>=7 years,4,Male: married/widowed,Guarantor,2,Real estate,32,None,Own,1,Unskilled resident,1,None,Yes,Good
>= 200 DM,6,Critical/other existing credits,New car,1323,100–500 DM,>=7 years,2,Male: divorced/separated,None,4,Car/other,28,None,Own,2,Skilled employee/official,2,Yes,Yes,Good
< 0 DM,24,Existing paid duly,New car,3123,<100 DM,<1 year,4,Female: divorced/separated/married,None,1,Building society/life insurance,27,None,Own,1,Skilled employee/official,1,None,Yes,Bad
< 0 DM,36,Existing paid duly,Used car,5493,<100 DM,>=7 years,2,Male: single,None,4,Unknown/no property,42,None,For free,1,Skilled employee/official,2,None,Yes,Good
>= 200 DM,9,Existing paid duly,Radio/TV,1126,100–500 DM,>=7 years,2,Male: divorced/separated,None,4,Real estate,49,None,Own,1,Skilled employee/official,1,None,Yes,Good
0–200 DM,24,Critical/other existing credits,Radio/TV,1216,100–500 DM,<1 year,4,Male: single,None,4,Unknown/no property,38,Bank,Own,2,Skilled employee/official,2,None,Yes,Bad
< 0 DM,24,Existing paid duly,New car,1207,<100 DM,<1 year,4,Female: divorced/separated/married,None,4,Building society/life insurance,24,None,Rent,1,Skilled employee/official,1,None,Yes,Bad
No checking account,10,Existing paid duly,New car,1309,Unknown/no savings,1–4 years,4,Male: single,Guarantor,4,Building society/life insurance,27,None,Own,1,Unskilled resident,1,None,Yes,Bad
>= 200 DM,15,Critical/other existing credits,Used car,2360,500–1000 DM,1–4 years,2,Male: single,None,2,Car/other,36,None,Own,1,Skilled employee/official,1,Yes,Yes,Good
0–200 DM,15,All paid,New car,6850,100–500 DM,Unemployed,1,Male: single,None,2,Building society/life insurance,34,None,Own,1,Management/self-employed/highly qualified,2,Yes,Yes,Bad
No checking account,24,Existing paid duly,Radio/TV,1413,<100 DM,1–4 years,4,Male: married/widowed,None,2,Building society/life insurance,28,None,Own,1,Skilled employee/official,1,None,Yes,Good
No checking account,39,Existing paid duly,Used car,8588,100–500 DM,>=7 years,4,Male: single,None,2,Car/other,45,None,Own,1,Management/self-employed/highly qualified,1,Yes,Yes,Good
< 0 DM,12,Existing paid duly,New car,759,<100 DM,4–7 years,4,Male: single,None,2,Real estate,26,None,Own,1,Skilled employee/official,1,None,Yes,Bad
No checking account,36,Existing paid duly,Used car,4686,<100 DM,1–4 years,2,Male: single,None,2,Unknown/no property,32,None,For free,1,Management/self-employed/highly qualified,1,Yes,Yes,Good
>= 200 DM,15,Existing paid duly,Business,2687,<100 DM,4–7 years,2,Male: single,None,4,Building society/life insurance,26,None,Rent,1,Skilled employee/official,1,Yes,Yes,Good
0–200 DM,12,Delay in past,Radio/TV,585,<100 DM,1–4 years,4,Male: married/widowed,Co-applicant,4,Real estate,20,None,Rent,2,Skilled employee/official,1,None,Yes,Good
No checking account,24,Existing paid duly,New car,2255,Unknown/no savings,<1 year,4,Male: single,None,1,Building society/life insurance,54,None,Own,1,Skilled employee/official,1,None,Yes,Good
< 0 DM,6,Critical/other existing credits,New car,609,<100 DM,4–7 years,4,Female: divorced/separated/married,None,3,Building society/life insurance,37,None,Own,2,Skilled employee/official,1,None,No,Good
< 0 DM,6,Critical/other existing credits,New car,1361,<100 DM,<1 year,2,Male: single,None,4,Real estate,40,None,Own,1,Unskilled resident,2,None,No,Good
No checking account,36,Critical/other existing credits,Furniture/equipment,7127,<100 DM,<1 year,2,Female: divorced/separated/married,None,4,Building society/life insurance,23,None,Rent,2,Skilled employee/official,1,Yes,Yes,Bad
< 0 DM,6,Existing paid duly,New car,1203,100–500 DM,>=7 years,3,Male: single,None,2,Building society/life insurance,43,None,Own,1,Skilled employee/official,1,Yes,Yes,Good
No checking account,6,Critical/other existing credits,Radio/TV,700,Unknown/no savings,>=7 years,4,Male: single,None,4,Unknown/no property,36,None,For free,2,Skilled employee/official,1,None,Yes,Good
No checking account,24,Critical/other existing credits,Repairs,5507,<100 DM,>=7 years,3,Male: single,None,4,Unknown/no property,44,None,For free,2,Skilled employee/official,1,None,Yes,Good
< 0 DM,18,Existing paid duly,Radio/TV,3190,<100 DM,1–4 years,2,Female: divorced/separated/married,None,2,Real estate,24,None,Own,1,Skilled employee/official,1,None,Yes,Bad
< 0 DM,48,No credits/all paid,Furniture/equipment,7119,<100 DM,1–4 years,3,Male: single,None,4,Unknown/no property,53,None,For free,2,Skilled employee/official,2,None,Yes,Bad
No checking account,24,Existing paid duly,Used car,3488,100–500 DM,4–7 years,3,Female: divorced/separated/married,None,4,Car/other,23,None,Own,1,Skilled employee/official,1,None,Yes,Good
0–200 DM,18,Existing paid duly,Radio/TV,1113,<100 DM,1–4 years,4,Female: divorced/separated/married,Guarantor,4,Real estate,26,None,Own,1,Unskilled resident,2,None,Yes,Good
0–200 DM,26,Existing paid duly,Used car,7966,<100 DM,<1 year,2,Male: single,None,3,Car/other,30,None,Own,2,Skilled employee/official,1,None,Yes,Good
No checking account,15,Critical/other existing credits,Education,1532,100–500 DM,1–4 years,4,Female: divorced/separated/married,None,3,Car/other,31,None,Own,1,Skilled employee/official,1,None,Yes,Good
No checking account,4,Critical/other existing credits,Radio/TV,1503,<100 DM,4–7 years,2,Male: single,None,1,Real estate,42,None,Own,2,Unskilled resident,2,None,Yes,Good
< 0 DM,36,Existing paid duly,Radio/TV,2302,<100 DM,1–4 years,4,Male: divorced/separated,None,4,Car/other,31,None,Rent,1,Skilled employee/official,1,None,Yes,Bad
< 0 DM,6,Existing paid duly,New car,662,<100 DM,<1 year,3,Male: single,None,4,Real estate,41,None,Own,1,Unskilled resident,2,Yes,Yes,Good
0–200 DM,36,Existing paid duly,Education,2273,<100 DM,4–7 years,3,Male: single,None,1,Car/other,32,None,Own,2,Skilled employee/official,2,None,Yes,Good
0–200 DM,15,Existing paid duly,New car,2631,100–500 DM,1–4 years,2,Female: divorced/separated/married,None,4,Car/other,28,None,Rent,2,Skilled employee/official,1,Yes,Yes,Bad
No checking account,12,Delay in past,Used car,1503,<100 DM,1–4 years,4,Male: married/widowed,None,4,Real estate,41,None,Rent,1,Skilled employee/official,1,None,Yes,Good
No checking account,24,Existing paid duly,Radio/TV,1311,100–500 DM,4–7 years,4,Male: married/widowed,None,3,Building society/life insurance,26,None,Own,1,Skilled employee/official,1,Yes,Yes,Good
No checking account,24,Existing paid duly,Radio/TV,3105,Unknown/no savings,<1 year,4,Male: single,None,2,Car/other,25,None,Own,2,Skilled employee/official,1,None,Yes,Good
>= 200 DM,21,Critical/other existing credits,Education,2319,<100 DM,<1 year,2,Male: divorced/separated,None,1,Car/other,33,None,Rent,1,Skilled employee/official,1,None,Yes,Bad
< 0 DM,6,Existing paid duly,New car,1374,Unknown/no savings,Unemployed,4,Female: divorced/separated/married,None,3,Building society/life insurance,75,None,Own,1,Management/self-employed/highly qualified,1,Yes,Yes,Good
0–200 DM,18,Critical/other existing credits,Furniture/equipment,3612,<100 DM,>=7 years,3,Female: divorced/separated/married,None,4,Building society/life insurance,37,None,Own,1,Skilled employee/official,1,Yes,Yes,Good
< 0 DM,48,Existing paid duly,New car,7763,<100 DM,>=7 years,4,Male: single,None,4,Unknown/no property,42,Bank,For free,1,Management/self-employed/highly qualified,1,None,Yes,Bad
>= 200 DM,18,Existing paid duly,Furniture/equipment,3049,<100 DM,<1 year,1,Female: divorced/separated/married,None,1,Building society/life insurance,45,Stores,Own,1,Unskilled resident,1,None,Yes,Good
0–200 DM,12,Existing paid duly,Radio/TV,1534,<100 DM,<1 year,1,Male: married/widowed,None,1,Real estate,23,None,Rent,1,Skilled employee/official,1,None,Yes,Bad
No checking account,24,Delay in past,New car,2032,<100 DM,>=7 years,4,Male: single,None,4,Unknown/no property,60,None,For free,2,Skilled employee/official,1,Yes,Yes,Good
< 0 DM,30,Existing paid duly,Furniture/equipment,6350,Unknown/no savings,>=7 years,4,Male: single,None,4,Building society/life insurance,31,None,Own,1,Skilled employee/official,1,None,Yes,Bad
>= 200 DM,18,Existing paid duly,Furniture/equipment,2864,<100 DM,1–4 years,2,Male: single,None,1,Real estate,34,None,Own,1,Unskilled resident,2,None,Yes,Bad
No checking account,12,Critical/other existing credits,New car,1255,<100 DM,>=7 years,4,Male: single,None,4,Real estate,61,None,Own,2,Unskilled resident,1,None,Yes,Good
< 0 DM,24,Delay in past,New car,1333,<100 DM,Unemployed,4,Male: single,None,2,Real estate,43,None,For free,2,Skilled employee/official,2,None,Yes,Bad
No checking account,24,Critical/other existing credits,New car,2022,<100 DM,1–4 years,4,Female: divorced/separated/married,None,4,Car/other,37,None,Own,1,Skilled employee/official,1,Yes,Yes,Good
No checking account,24,Existing paid duly,Radio/TV,1552,<100 DM,4–7 years,3,Male: single,None,1,Car/other,32,Bank,Own,1,Skilled employee/official,2,None,Yes,Good
< 0 DM,12,All paid,Radio/TV,626,<100 DM,1–4 years,4,Female: divorced/separated/married,None,4,Real estate,24,Bank,Own,1,Unskilled resident,1,None,Yes,Bad
No checking account,48,Critical/other existing credits,Used car,8858,Unknown/no savings,4–7 years,2,Male: single,None,1,Unknown/no property,35,None,For free,2,Skilled employee/official,1,Yes,Yes,Good
No checking account,12,Critical/other existing credits,Repairs,996,Unknown/no savings,4–7 years,4,Female: divorced/separated/married,None,4,Real estate,23,None,Own,2,Skilled employee/official,1,None,Yes,Good
No checking account,6,All paid,Radio/TV,1750,500–1000 DM,>=7 years,2,Male: single,None,4,Building society/life insurance,45,Bank,Own,1,Unskilled resident,2,None,Yes,Good
< 0 DM,48,Existing paid duly,Radio/TV,6999,<100 DM,4–7 years,1,Male: married/widowed,Guarantor,1,Real estate,34,None,Own,2,Skilled employee/official,1,Yes,Yes,Bad
0–200 DM,12,Critical/other existing credits,New car,1995,100–500 DM,<1 year,4,Male: single,None,1,Car/other,27,None,Own,1,Skilled employee/official,1,None,Yes,Good
0–200 DM,9,Existing paid duly,Education,1199,<100 DM,4–7 years,4,Female: divorced/separated/married,None,4,Building society/life insurance,67,None,Own,2,Management/self-employed/highly qualified,1,Yes,Yes,Good
0–200 DM,12,Existing paid duly,Radio/TV,1331,<100 DM,<1 year,2,Male: single,None,1,Car/other,22,Stores,Own,1,Skilled employee/official,1,None,Yes,Bad
0–200 DM,18,No credits/all paid,New car,2278,100–500 DM,<1 year,3,Female: divorced/separated/married,None,3,Car/other,28,None,Own,2,Skilled employee/official,1,None,Yes,Bad
No checking account,21,No credits/all paid,New car,5003,Unknown/no savings,1–4 years,1,Female: divorced/separated/married,None,4,Building society/life insurance,29,Bank,Own,2,Skilled employee/official,1,Yes,Yes,Bad
< 0 DM,24,All paid,Furniture/equipment,3552,<100 DM,4–7 years,3,Male: single,None,4,Car/other,27,Bank,Own,1,Skilled employee/official,1,None,Yes,Bad
0–200 DM,18,Critical/other existing credits,Furniture/equipment,1928,<100 DM,<1 year,2,Male: single,None,2,Real estate,31,None,Own,2,Unskilled resident,1,None,Yes,Bad
< 0 DM,24,Existing paid duly,Used car,2964,Unknown/no savings,>=7 years,4,Male: single,None,4,Unknown/no property,49,Bank,For free,1,Skilled employee/official,2,Yes,Yes,Good
< 0 DM,24,All paid,Radio/TV,1546,<100 DM,4–7 years,4,Male: single,Guarantor,4,Car/other,24,Bank,Rent,1,Unskilled resident,1,None,Yes,Bad
>= 200 DM,6,Delay in past,Radio/TV,683,<100 DM,<1 year,2,Female: divorced/separated/married,None,1,Building society/life insurance,29,Bank,Own,1,Skilled employee/official,1,None,Yes,Good
0–200 DM,36,Existing paid duly,New car,12389,Unknown/no savings,1–4 years,1,Male: single,None,4,Unknown/no property,37,None,For free,1,Skilled employee/official,1,Yes,Yes,Bad
0–200 DM,24,Delay in past,Business,4712,Unknown/no savings,1–4 years,4,Male: single,None,2,Building society/life insurance,37,Bank,Own,2,Management/self-employed/highly qualified,1,Yes,Yes,Good
0–200 DM,24,Delay in past,Radio/TV,1553,100–500 DM,4–7 years,3,Female: divorced/separated/married,None,2,Building society/life insurance,23,None,Rent,2,Skilled employee/official,1,Yes,Yes,Good
< 0 DM,12,Existing paid duly,New car,1372,<100 DM,4–7 years,2,Male: divorced/separated,None,3,Car/other,36,None,Own,1,Skilled employee/official,1,None,Yes,Bad
No checking account,24,Critical/other existing credits,Radio/TV,2578,>=1000 DM,>=7 years,2,Male: single,None,2,Car/other,34,None,Own,1,Skilled employee/official,1,None,Yes,Good
0–200 DM,48,Existing paid duly,Radio/TV,3979,Unknown/no savings,4–7 years,4,Male: single,None,1,Car/other,41,None,Own,2,Skilled employee/official,2,Yes,Yes,Good
< 0 DM,48,Existing paid duly,Radio/TV,6758,<100 DM,1–4 years,3,Female: divorced/separated/married,None,2,Car/other,31,None,Own,1,Skilled employee/official,1,Yes,Yes,Bad
< 0 DM,24,Existing paid duly,Furniture/equipment,3234,<100 DM,<1 year,4,Female: divorced/separated/married,None,4,Real estate,23,None,Rent,1,Unskilled resident,1,Yes,Yes,Bad
No checking account,30,Critical/other existing credits,Radio/TV,5954,<100 DM,4–7 years,3,Male: single,Co-applicant,2,Car/other,38,None,Own,1,Skilled employee/official,1,None,Yes,Good
No checking account,24,Existing paid duly,Used car,5433,Unknown/no savings,Unemployed,2,Female: divorced/separated/married,None,4,Building society/life insurance,26,None,Rent,1,Management/self-employed/highly qualified,1,Yes,Yes,Good
< 0 DM,15,Existing paid duly,Business,806,<100 DM,1–4 years,4,Female: divorced/separated/married,None,4,Building society/life insurance,22,None,Own,1,Unskilled resident,1,None,Yes,Good
0–200 DM,9,Existing paid duly,Radio/TV,1082,<100 DM,>=7 years,4,Male: single,None,4,Car/other,27,None,Own,2,Unskilled resident,1,None,Yes,Good
No checking account,15,Critical/other existing credits,Furniture/equipment,2788,<100 DM,4–7 years,2,Female: divorced/separated/married,Co-applicant,3,Car/other,24,Bank,Own,2,Skilled employee/official,1,None,Yes,Good
0–200 DM,12,Existing paid duly,Radio/TV,2930,<100 DM,4–7 years,2,Female: divorced/separated/married,None,1,Real estate,27,None,Own,1,Skilled employee/official,1,None,Yes,Good
No checking account,24,Critical/other existing credits,Education,1927,Unknown/no savings,1–4 years,3,Female: divorced/separated/married,None,2,Car/other,33,None,Own,2,Skilled employee/official,1,Yes,Yes,Good
0–200 DM,36,Critical/other existing credits,New car,2820,<100 DM,<1 year,4,Male: divorced/separated,None,4,Car/other,27,None,Own,2,Skilled employee/official,1,None,Yes,Bad
No checking account,24,Existing paid duly,Retraining,937,<100 DM,<1 year,4,Male: married/widowed,None,3,Car/other,27,None,Own,2,Unskilled resident,1,None,Yes,Good
0–200 DM,18,Critical/other existing credits,New car,1056,<100 DM,>=7 years,3,Male: single,Guarantor,3,Real estate,30,Bank,Own,2,Skilled employee/official,1,None,Yes,Bad
0–200 DM,12,Critical/other existing credits,New car,3124,<100 DM,<1 year,1,Male: single,None,3,Real estate,49,Bank,Own,2,Unskilled resident,2,None,Yes,Good
No checking account,9,Existing paid duly,Furniture/equipment,1388,<100 DM,1–4 years,4,Female: divorced/separated/married,None,2,Real estate,26,None,Rent,1,Skilled employee/official,1,None,Yes,Good
0–200 DM,36,Existing paid duly,Repairs,2384,<100 DM,<1 year,4,Male: single,None,1,Unknown/no property,33,None,Rent,1,Unskilled resident,1,None,Yes,Bad
No checking account,12,Existing paid duly,New car,2133,Unknown/no savings,>=7 years,4,Female: divorced/separated/married,None,4,Unknown/no property,52,None,For free,1,Management/self-employed/highly qualified,1,Yes,Yes,Good
< 0 DM,18,Existing paid duly,Furniture/equipment,2039,<100 DM,1–4 years,1,Female: divorced/separated/married,None,4,Real estate,20,Bank,Rent,1,Skilled employee/official,1,None,Yes,Bad
< 0 DM,9,Critical/other existing credits,New car,2799,<100 DM,1–4 years,2,Male: single,None,2,Real estate,36,None,Rent,2,Skilled employee/official,2,None,Yes,Good
< 0 DM,12,Existing paid duly,Furniture/equipment,1289,<100 DM,1–4 years,4,Male: single,Guarantor,1,Building society/life insurance,21,None,Own,1,Unskilled resident,1,None,Yes,Good
< 0 DM,18,Existing paid duly,Domestic appliances,1217,<100 DM,1–4 years,4,Male: married/widowed,None,3,Real estate,47,None,Own,1,Unskilled resident,1,Yes,Yes,Bad
< 0 DM,12,Critical/other existing credits,Furniture/equipment,2246,<100 DM,>=7 years,3,Male: single,None,3,Building society/life insurance,60,None,Own,2,Skilled employee/official,1,None,Yes,Bad
< 0 DM,12,Critical/other existing credits,Radio/TV,385,<100 DM,4–7 years,4,Female: divorced/separated/married,None,3,Real estate,58,None,Own,4,Unskilled resident,1,Yes,Yes,Good
0–200 DM,24,Delay in past,New car,1965,Unknown/no savings,1–4 years,4,Female: divorced/separated/married,None,4,Car/other,42,None,Rent,2,Skilled employee/official,1,Yes,Yes,Good
No checking account,21,Existing paid duly,Business,1572,>=1000 DM,>=7 years,4,Female: divorced/separated/married,None,4,Real estate,36,Bank,Own,1,Unskilled resident,1,None,Yes,Good
0–200 DM,24,Existing paid duly,New car,2718,<100 DM,1–4 years,3,Female: divorced/separated/married,None,4,Building society/life insurance,20,None,Rent,1,Unskilled resident,1,Yes,Yes,Bad
< 0 DM,24,All paid,Other,1358,Unknown/no savings,>=7 years,4,Male: single,None,3,Car/other,40,Stores,Own,1,Management/self-employed/highly qualified,1,Yes,Yes,Bad
0–200 DM,6,All paid,New car,931,100–500 DM,<1 year,1,Female: divorced/separated/married,None,1,Building society/life insurance,32,Stores,Own,1,Unskilled resident,1,None,Yes,Bad
< 0 DM,24,Existing paid duly,New car,1442,<100 DM,4–7 years,4,Female: divorced/separated/married,None,4,Car/other,23,None,Rent,2,Skilled employee/official,1,None,Yes,Bad
0–200 DM,24,No credits/all paid,Business,4241,<100 DM,1–4 years,1,Male: single,None,4,Real estate,36,None,Own,3,Unskilled resident,1,Yes,Yes,Bad
No checking account,18,Critical/other existing credits,New car,2775,<100 DM,4–7 years,2,Male: single,None,2,Building society/life insurance,31,Bank,Own,2,Skilled employee/official,1,None,Yes,Bad
No checking account,24,Delay in past,Business,3863,<100 DM,1–4 years,1,Male: single,None,2,Unknown/no property,32,None,For free,1,Skilled employee/official,1,None,Yes,Good
0–200 DM,7,Existing paid duly,Radio/TV,2329,<100 DM,<1 year,1,Female: divorced/separated/married,Guarantor,1,Real estate,45,None,Own,1,Skilled employee/official,1,None,Yes,Good
0–200 DM,9,Existing paid duly,Furniture/equipment,918,<100 DM,1–4 years,4,Female: divorced/separated/married,None,1,Building society/life insurance,30,None,Own,1,Skilled employee/official,1,None,Yes,Bad
0–200 DM,24,All paid,Education,1837,<100 DM,4–7 years,4,Female: divorced/separated/married,None,4,Unknown/no property,34,Bank,For free,1,Unskilled resident,1,None,Yes,Bad
No checking account,36,Existing paid duly,Furniture/equipment,3349,<100 DM,1–4 years,4,Female: divorced/separated/married,None,2,Car/other,28,None,Own,1,Management/self-employed/highly qualified,1,Yes,Yes,Bad
>= 200 DM,10,Existing paid duly,Furniture/equipment,1275,<100 DM,<1 year,4,Female: divorced/separated/married,None,2,Building society/life insurance,23,None,Own,1,Skilled employee/official,1,None,Yes,Good
< 0 DM,24,All paid,Furniture/equipment,2828,500–1000 DM,1–4 years,4,Male: single,None,4,Real estate,22,Stores,Own,1,Skilled employee/official,1,Yes,Yes,Good
No checking account,24,Critical/other existing credits,Business,4526,<100 DM,1–4 years,3,Male: single,None,2,Real estate,74,None,Own,1,Management/self-employed/highly qualified,1,Yes,Yes,Good
0–200 DM,36,Existing paid duly,Radio/TV,2671,100–500 DM,1–4 years,4,Female: divorced/separated/married,Co-applicant,4,Unknown/no property,50,None,For free,1,Skilled employee/official,1,None,Yes,Bad
No checking account,18,Existing paid duly,Radio/TV,2051,<100 DM,<1 year,4,Male: single,None,1,Real estate,33,None,Own,1,Skilled employee/official,1,None,Yes,Good
No checking account,15,Existing paid duly,Used car,1300,Unknown/no savings,>=7 years,4,Male: single,None,4,Unknown/no property,45,Bank,For free,1,Skilled employee/official,2,None,Yes,Good
< 0 DM,12,Existing paid duly,Domestic appliances,741,100–500 DM,Unemployed,4,Female: divorced/separated/married,None,3,Building society/life insurance,22,None,Own,1,Skilled employee/official,1,None,Yes,Bad
>= 200 DM,10,Existing paid duly,New car,1240,100–500 DM,>=7 years,1,Female: divorced/separated/married,None,4,Unknown/no property,48,None,For free,1,Unskilled resident,2,None,Yes,Bad
< 0 DM,21,Existing paid duly,Radio/TV,3357,>=1000 DM,<1 year,4,Female: divorced/separated/married,None,2,Car/other,29,Bank,Own,1,Skilled employee/official,1,None,Yes,Good
< 0 DM,24,All paid,Used car,3632,<100 DM,1–4 years,1,Female: divorced/separated/married,Guarantor,4,Car/other,22,Bank,Rent,1,Skilled employee/official,1,None,No,Good
No checking account,18,Delay in past,Furniture/equipment,1808,<100 DM,4–7 years,4,Female: divorced/separated/married,None,1,Real estate,22,None,Own,1,Skilled employee/official,1,None,Yes,Bad
0–200 DM,48,No credits/all paid,Business,12204,Unknown/no savings,1–4 years,2,Male: single,None,2,Car/other,48,Bank,Own,1,Management/self-employed/highly qualified,1,Yes,Yes,Good
0–200 DM,60,Delay in past,Radio/TV,9157,Unknown/no savings,1–4 years,2,Male: single,None,2,Unknown/no property,27,None,For free,1,Management/self-employed/highly qualified,1,None,Yes,Good
< 0 DM,6,Critical/other existing credits,New car,3676,<100 DM,1–4 years,1,Male: single,None,3,Real estate,37,None,Rent,3,Skilled employee/official,2,None,Yes,Good
0–200 DM,30,Existing paid duly,Furniture/equipment,3441,100–500 DM,1–4 years,2,Female: divorced/separated/married,Co-applicant,4,Car/other,21,None,Rent,1,Skilled employee/official,1,None,Yes,Bad
No checking account,12,Existing paid duly,New car,640,<100 DM,1–4 years,4,Male: divorced/separated,None,2,Real estate,49,None,Own,1,Unskilled resident,1,None,Yes,Good
0–200 DM,21,Critical/other existing credits,Business,3652,<100 DM,4–7 years,2,Male: single,None,3,Building society/life insurance,27,None,Own,2,Skilled employee/official,1,None,Yes,Good
No checking account,18,Critical/other existing credits,New car,1530,<100 DM,1–4 years,3,Male: single,None,2,Building society/life insurance,32,Bank,Own,2,Skilled employee/official,1,None,Yes,Bad
No checking account,48,Existing paid duly,Business,3914,Unknown/no savings,1–4 years,4,Male: divorced/separated,None,2,Real estate,38,Bank,Own,1,Skilled employee/official,1,None,Yes,Bad
< 0 DM,12,Existing paid duly,Furniture/equipment,1858,<100 DM,<1 year,4,Female: divorced/separated/married,None,1,Car/other,22,None,Rent,1,Skilled employee/official,1,None,Yes,Good
< 0 DM,18,Existing paid duly,Radio/TV,2600,<100 DM,1–4 years,4,Male: single,None,4,Unknown/no property,65,None,For free,2,Skilled employee/official,1,None,Yes,Bad
No checking account,15,Existing paid duly,Radio/TV,1979,Unknown/no savings,>=7 years,4,Male: single,None,2,Car/other,35,None,Own,1,Skilled employee/official,1,None,Yes,Good
>= 200 DM,6,Existing paid duly,Furniture/equipment,2116,<100 DM,1–4 years,2,Male: single,None,2,Real estate,41,None,Own,1,Skilled employee/official,1,Yes,Yes,Good
0–200 DM,9,All paid,New car,1437,100–500 DM,4–7 years,2,Male: single,None,3,Unknown/no property,29,None,Own,1,Skilled employee/official,1,None,Yes,Bad
No checking account,42,Critical/other existing credits,Furniture/equipment,4042,500–1000 DM,1–4 years,4,Male: single,None,4,Real estate,36,None,Own,2,Skilled employee/official,1,Yes,Yes,Good
No checking account,9,Existing paid duly,Education,3832,Unknown/no savings,>=7 years,1,Male: single,None,4,Real estate,64,None,Own,1,Unskilled resident,1,None,Yes,Good
< 0 DM,24,Existing paid duly,Radio/TV,3660,<100 DM,1–4 years,2,Female: divorced/separated/married,None,4,Car/other,28,None,Own,1,Skilled employee/official,1,None,Yes,Good
< 0 DM,18,All paid,Furniture/equipment,1553,<100 DM,1–4 years,4,Male: single,None,3,Car/other,44,Bank,Own,1,Skilled employee/official,1,None,Yes,Bad
0–200 DM,15,Existing paid duly,Radio/TV,1444,Unknown/no savings,<1 year,4,Male: single,None,1,Building society/life insurance,23,None,Own,1,Skilled employee/official,1,None,Yes,Good
No checking account,9,Existing paid duly,Furniture/equipment,1980,<100 DM,<1 year,2,Female: divorced/separated/married,Co-applicant,2,Car/other,19,None,Rent,2,Skilled employee/official,1,None,Yes,Bad
0–200 DM,24,Existing paid duly,New car,1355,<100 DM,<1 year,3,Female: divorced/separated/married,None,4,Car/other,25,None,Own,1,Unskilled resident,1,Yes,Yes,Bad
No checking account,12,Existing paid duly,Education,1393,<100 DM,>=7 years,4,Male: single,None,4,Building society/life insurance,47,Bank,Own,3,Skilled employee/official,2,Yes,Yes,Good
No checking account,24,Existing paid duly,Radio/TV,1376,500–1000 DM,4–7 years,4,Female: divorced/separated/married,None,1,Car/other,28,None,Own,1,Skilled employee/official,1,None,Yes,Good
No checking account,60,Delay in past,Radio/TV,15653,<100 DM,4–7 years,2,Male: single,None,4,Car/other,21,None,Own,2,Skilled employee/official,1,Yes,Yes,Good
No checking account,12,Existing paid duly,Radio/TV,1493,<100 DM,<1 year,4,Female: divorced/separated/married,None,3,Car/other,34,None,Own,1,Skilled employee/official,2,None,Yes,Good
< 0 DM,42,Delay in past,Radio/TV,4370,<100 DM,4–7 years,3,Male: single,None,2,Building society/life insurance,26,Bank,Own,2,Skilled employee/official,2,Yes,Yes,Bad
< 0 DM,18,Existing paid duly,Education,750,<100 DM,Unemployed,4,Female: divorced/separated/married,None,1,Real estate,27,None,Own,1,Unemployed/unskilled non-resident,1,None,Yes,Bad
0–200 DM,15,Existing paid duly,Repairs,1308,<100 DM,>=7 years,4,Male: single,None,4,Car/other,38,None,Own,2,Unskilled resident,1,None,Yes,Good
No checking account,15,Existing paid duly,Education,4623,100–500 DM,1–4 years,3,Male: single,None,2,Building society/life insurance,40,None,Own,1,Management/self-employed/highly qualified,1,Yes,Yes,Bad
No checking account,24,Critical/other existing credits,Radio/TV,1851,<100 DM,4–7 years,4,Male: married/widowed,Guarantor,2,Car/other,33,None,Own,2,Skilled employee/official,1,Yes,Yes,Good
< 0 DM,18,Critical/other existing credits,Radio/TV,1880,<100 DM,4–7 years,4,Male: married/widowed,None,1,Building society/life insurance,32,None,Own,2,Management/self-employed/highly qualified,1,Yes,Yes,Good
No checking account,36,Delay in past,Business,7980,Unknown/no savings,<1 year,4,Male: single,None,4,Car/other,27,None,Rent,2,Skilled employee/official,1,Yes,Yes,Bad
< 0 DM,30,No credits/all paid,Furniture/equipment,4583,<100 DM,1–4 years,2,Male: divorced/separated,Guarantor,2,Real estate,32,None,Own,2,Skilled employee/official,1,None,Yes,Good
No checking account,12,Existing paid duly,New car,1386,500–1000 DM,1–4 years,2,Female: divorced/separated/married,None,2,Building society/life insurance,26,None,Own,1,Skilled employee/official,1,None,Yes,Bad
>= 200 DM,24,Existing paid duly,New car,947,<100 DM,4–7 years,4,Male: single,None,3,Unknown/no property,38,Bank,For free,1,Skilled employee/official,2,None,Yes,Bad
< 0 DM,12,Existing paid duly,Education,684,<100 DM,1–4 years,4,Male: single,None,4,Car/other,40,None,Rent,1,Unskilled resident,2,None,Yes,Bad
< 0 DM,48,Existing paid duly,Education,7476,<100 DM,4–7 years,4,Male: single,None,1,Unknown/no property,50,None,For free,1,Management/self-employed/highly qualified,1,Yes,Yes,Good
0–200 DM,12,Existing paid duly,Furniture/equipment,1922,<100 DM,1–4 years,4,Male: single,None,2,Building society/life insurance,37,None,Own,1,Unskilled resident,1,None,Yes,Bad
< 0 DM,24,Existing paid duly,New car,2303,<100 DM,>=7 years,4,Male: single,Co-applicant,1,Real estate,45,None,Own,1,Skilled employee/official,1,None,Yes,Bad
0–200 DM,36,Delay in past,New car,8086,100–500 DM,>=7 years,2,Male: single,None,4,Car/other,42,None,Own,4,Management/self-employed/highly qualified,1,Yes,Yes,Bad
No checking account,24,Critical/other existing credits,Used car,2346,<100 DM,4–7 years,4,Male: single,None,3,Car/other,35,None,Own,2,Skilled employee/official,1,Yes,Yes,Good
< 0 DM,14,Existing paid duly,New car,3973,<100 DM,Unemployed,1,Male: single,None,4,Unknown/no property,22,None,For free,1,Skilled employee/official,1,None,Yes,Good
0–200 DM,12,Existing paid duly,New car,888,<100 DM,>=7 years,4,Male: single,None,4,Car/other,41,Bank,Own,1,Unskilled resident,2,None,Yes,Bad
No checking account,48,Existing paid duly,Radio/TV,10222,Unknown/no savings,4–7 years,4,Male: single,None,3,Car/other,37,Stores,Own,1,Skilled employee/official,1,Yes,Yes,Good
0–200 DM,30,No credits/all paid,Business,4221,<100 DM,1–4 years,2,Female: divorced/separated/married,None,1,Car/other,28,None,Own,2,Skilled employee/official,1,None,Yes,Good
0–200 DM,18,Critical/other existing credits,Furniture/equipment,6361,<100 DM,>=7 years,2,Male: single,None,1,Unknown/no property,41,None,Own,1,Skilled employee/official,1,Yes,Yes,Good
>= 200 DM,12,Existing paid duly,Radio/TV,1297,<100 DM,1–4 years,3,Male: married/widowed,None,4,Real estate,23,None,Rent,1,Skilled employee/official,1,None,Yes,Good
< 0 DM,12,Existing paid duly,New car,900,Unknown/no savings,1–4 years,4,Male: married/widowed,None,2,Car/other,23,None,Own,1,Skilled employee/official,1,None,Yes,Bad
No checking account,21,Existing paid duly,Furniture/equipment,2241,<100 DM,>=7 years,4,Male: single,None,2,Real estate,50,None,Own,2,Skilled employee/official,1,None,Yes,Good
0–200 DM,6,Delay in past,Furniture/equipment,1050,<100 DM,Unemployed,4,Male: single,None,1,Building society/life insurance,35,Stores,Own,2,Management/self-employed/highly qualified,1,Yes,Yes,Good
>= 200 DM,6,Critical/other existing credits,Education,1047,<100 DM,1–4 years,2,Female: divorced/separated/married,None,4,Building society/life insurance,50,None,Own,1,Unskilled resident,1,None,Yes,Good
No checking account,24,Critical/other existing credits,Other,6314,<100 DM,Unemployed,4,Male: single,Co-applicant,2,Unknown/no property,27,Bank,Own,2,Management/self-employed/highly qualified,1,Yes,Yes,Good
0–200 DM,30,All paid,Furniture/equipment,3496,>=1000 DM,1–4 years,4,Male: single,None,2,Car/other,34,Stores,Own,1,Skilled employee/official,2,Yes,Yes,Good
No checking account,48,All paid,Business,3609,<100 DM,1–4 years,1,Female: divorced/separated/married,None,1,Real estate,27,Stores,Own,1,Skilled employee/official,1,None,Yes,Good
< 0 DM,12,Critical/other existing credits,New car,4843,<100 DM,>=7 years,3,Male: single,Co-applicant,4,Building society/life insurance,43,None,Rent,2,Skilled employee/official,1,Yes,Yes,Bad
>= 200 DM,30,Critical/other existing credits,Radio/TV,3017,<100 DM,>=7 years,4,Male: single,None,4,Building society/life insurance,47,None,Own,1,Skilled employee/official,1,None,Yes,Good
No checking account,24,Critical/other existing credits,Business,4139,100–500 DM,1–4 years,3,Male: single,None,3,Building society/life insurance,27,None,Own,2,Unskilled resident,1,Yes,Yes,Good
No checking account,36,Existing paid duly,Business,5742,100–500 DM,4–7 years,2,Male: single,None,2,Car/other,31,None,Own,2,Skilled employee/official,1,Yes,Yes,Good
No checking account,60,Existing paid duly,New car,10366,<100 DM,>=7 years,2,Male: single,None,4,Building society/life insurance,42,None,Own,1,Management/self-employed/highly qualified,1,Yes,Yes,Good
No checking account,6,Critical/other existing credits,New car,2080,500–1000 DM,1–4 years,1,Male: married/widowed,None,2,Car/other,24,None,Own,1,Skilled employee/official,1,None,Yes,Good
No checking account,21,Delay in past,Business,2580,500–1000 DM,<1 year,4,Male: single,None,2,Real estate,41,Bank,Own,1,Unskilled resident,2,None,Yes,Bad
No checking account,30,Critical/other existing credits,Radio/TV,4530,<100 DM,4–7 years,4,Female: divorced/separated/married,None,4,Car/other,26,None,Rent,1,Management/self-employed/highly qualified,1,Yes,Yes,Good
No checking account,24,Critical/other existing credits,Furniture/equipment,5150,<100 DM,>=7 years,4,Male: single,None,4,Car/other,33,None,Own,1,Skilled employee/official,1,Yes,Yes,Good
0–200 DM,72,Existing paid duly,Radio/TV,5595,100–500 DM,1–4 years,2,Male: married/widowed,None,2,Car/other,24,None,Own,1,Skilled employee/official,1,None,Yes,Bad
< 0 DM,24,Existing paid duly,Radio/TV,2384,<100 DM,>=7 years,4,Male: single,None,4,Real estate,64,Bank,Rent,1,Unskilled resident,1,None,Yes,Good
No checking account,18,Existing paid duly,Radio/TV,1453,<100 DM,<1 year,3,Female: divorced/separated/married,None,1,Real estate,26,None,Own,1,Skilled employee/official,1,None,Yes,Good
No checking account,6,Existing paid duly,Education,1538,<100 DM,<1 year,1,Female: divorced/separated/married,None,2,Unknown/no property,56,None,Own,1,Skilled employee/official,1,None,Yes,Good
No checking account,12,Existing paid duly,Radio/TV,2279,Unknown/no savings,1–4 years,4,Male: single,None,4,Unknown/no property,37,None,For free,1,Skilled employee/official,1,Yes,Yes,Good
No checking account,15,Delay in past,Radio/TV,1478,<100 DM,1–4 years,4,Male: married/widowed,None,3,Real estate,33,Bank,Own,2,Skilled employee/official,1,None,Yes,Good
No checking account,24,Critical/other existing credits,Radio/TV,5103,<100 DM,<1 year,3,Male: married/widowed,None,3,Unknown/no property,47,None,For free,3,Skilled employee/official,1,Yes,Yes,Good
0–200 DM,36,Delay in past,Business,9857,100–500 DM,4–7 years,1,Male: single,None,3,Building society/life insurance,31,None,Own,2,Unskilled resident,2,Yes,Yes,Good
No checking account,60,Existing paid duly,New car,6527,Unknown/no savings,1–4 years,4,Male: single,None,4,Unknown/no property,34,None,For free,1,Skilled employee/official,2,Yes,Yes,Good
>= 200 DM,10,Critical/other existing credits,Radio/TV,1347,Unknown/no savings,4–7 years,4,Male: single,None,2,Building society/life insurance,27,None,Own,2,Skilled employee/official,1,Yes,Yes,Good
0–200 DM,36,Delay in past,New car,2862,100–500 DM,>=7 years,4,Male: single,None,3,Unknown/no property,30,None,For free,1,Skilled employee/official,1,None,Yes,Good
No checking account,9,Existing paid duly,Radio/TV,2753,100–500 DM,>=7 years,3,Male: single,Co-applicant,4,Car/other,35,None,Own,1,Skilled employee/official,1,Yes,Yes,Good
< 0 DM,12,Existing paid duly,New car,3651,>=1000 DM,1–4 years,1,Male: single,None,3,Building society/life insurance,31,None,Own,1,Skilled employee/official,2,None,Yes,Good
< 0 DM,15,Critical/other existing credits,Furniture/equipment,975,<100 DM,1–4 years,2,Male: divorced/separated,None,3,Building society/life insurance,25,None,Own,2,Skilled employee/official,1,None,Yes,Good
0–200 DM,15,Existing paid duly,Repairs,2631,100–500 DM,1–4 years,3,Female: divorced/separated/married,None,2,Real estate,25,None,Own,1,Unskilled resident,1,None,Yes,Good
0–200 DM,24,Existing paid duly,Radio/TV,2896,100–500 DM,<1 year,2,Male: single,None,1,Car/other,29,None,Own,1,Skilled employee/official,1,None,Yes,Good
< 0 DM,6,Critical/other existing credits,New car,4716,Unknown/no savings,<1 year,1,Male: single,None,3,Real estate,44,None,Own,2,Unskilled resident,2,None,Yes,Good
No checking account,24,Existing paid duly,Radio/TV,2284,<100 DM,4–7 years,4,Male: single,None,2,Car/other,28,None,Own,1,Skilled employee/official,1,Yes,Yes,Good
No checking account,6,Existing paid duly,Used car,1236,500–1000 DM,1–4 years,2,Male: single,None,4,Building society/life insurance,50,None,Rent,1,Skilled employee/official,1,None,Yes,Good
0–200 DM,12,Existing paid duly,Radio/TV,1103,<100 DM,4–7 years,4,Male: single,Guarantor,3,Real estate,29,None,Own,2,Skilled employee/official,1,None,No,Good
No checking account,12,Critical/other existing credits,New car,926,<100 DM,Unemployed,1,Female: divorced/separated/married,None,2,Building society/life insurance,38,None,Own,1,Unemployed/unskilled non-resident,1,None,Yes,Good
No checking account,18,Critical/other existing credits,Radio/TV,1800,<100 DM,1–4 years,4,Male: single,None,2,Car/other,24,None,Own,2,Skilled employee/official,1,None,Yes,Good
>= 200 DM,15,Existing paid duly,Education,1905,<100 DM,>=7 years,4,Male: single,None,4,Car/other,40,None,Rent,1,Management/self-employed/highly qualified,1,Yes,Yes,Good
No checking account,12,Existing paid duly,Furniture/equipment,1123,500–1000 DM,1–4 years,4,Female: divorced/separated/married,None,4,Car/other,29,None,Rent,1,Unskilled resident,1,None,Yes,Bad
< 0 DM,48,Critical/other existing credits,Used car,6331,<100 DM,>=7 years,4,Male: single,None,4,Unknown/no property,46,None,For free,2,Skilled employee/official,1,Yes,Yes,Bad
>= 200 DM,24,Existing paid duly,Radio/TV,1377,100–500 DM,>=7 years,4,Female: divorced/separated/married,None,2,Unknown/no property,47,None,For free,1,Skilled employee/official,1,Yes,Yes,Good
0–200 DM,30,Delay in past,Business,2503,100–500 DM,>=7 years,4,Male: single,None,2,Building society/life insurance,41,Stores,Own,2,Skilled employee/official,1,None,Yes,Good
0–200 DM,27,Existing paid duly,Business,2528,<100 DM,<1 year,4,Female: divorced/separated/married,None,1,Building society/life insurance,32,None,Own,1,Skilled employee/official,2,Yes,Yes,Good
No checking account,15,Existing paid duly,New car,5324,500–1000 DM,>=7 years,1,Female: divorced/separated/married,None,4,Unknown/no property,35,None,For free,1,Skilled employee/official,1,None,Yes,Good
0–200 DM,48,Existing paid duly,New car,6560,100–500 DM,4–7 years,3,Male: single,None,2,Building society/life insurance,24,None,Own,1,Skilled employee/official,1,None,Yes,Bad
0–200 DM,12,No credits/all paid,Furniture/equipment,2969,<100 DM,<1 year,4,Female: divorced/separated/married,None,3,Building society/life insurance,25,None,Rent,2,Skilled employee/official,1,None,Yes,Bad
0–200 DM,9,Existing paid duly,Radio/TV,1206,<100 DM,>=7 years,4,Female: divorced/separated/married,None,4,Real estate,25,None,Own,1,Skilled employee/official,1,None,Yes,Good
0–200 DM,9,Existing paid duly,Radio/TV,2118,<100 DM,1–4 years,2,Male: single,None,2,Real estate,37,None,Own,1,Unskilled resident,2,None,Yes,Good
No checking account,18,Critical/other existing credits,Radio/TV,629,500–1000 DM,>=7 years,4,Male: single,None,3,Building society/life insurance,32,Bank,Own,2,Management/self-employed/highly qualified,1,Yes,Yes,Good
< 0 DM,6,All paid,Education,1198,<100 DM,>=7 years,4,Female: divorced/separated/married,None,4,Unknown/no property,35,None,For free,1,Skilled employee/official,1,None,Yes,Bad
No checking account,21,Existing paid duly,Used car,2476,Unknown/no savings,>=7 years,4,Male: single,None,4,Real estate,46,None,Own,1,Management/self-employed/highly qualified,1,Yes,Yes,Good
< 0 DM,9,Critical/other existing credits,Radio/TV,1138,<100 DM,1–4 years,4,Male: single,None,4,Real estate,25,None,Own,2,Unskilled resident,1,None,Yes,Good
0–200 DM,60,Existing paid duly,New car,14027,<100 DM,4–7 years,4,Male: single,None,2,Unknown/no property,27,None,Own,1,Management/self-employed/highly qualified,1,Yes,Yes,Bad
No checking account,30,Critical/other existing credits,Used car,7596,Unknown/no savings,>=7 years,1,Male: single,None,4,Car/other,63,None,Own,2,Skilled employee/official,1,None,Yes,Good
No checking account,30,Critical/other existing credits,Radio/TV,3077,Unknown/no savings,>=7 years,3,Male: single,None,2,Car/other,40,None,Own,2,Skilled employee/official,2,Yes,Yes,Good
No checking account,18,Existing paid duly,Radio/TV,1505,<100 DM,1–4 years,4,Male: single,None,2,Unknown/no property,32,None,For free,1,Management/self-employed/highly qualified,1,Yes,Yes,Good
>= 200 DM,24,Critical/other existing credits,Radio/TV,3148,Unknown/no savings,1–4 years,3,Male: single,None,2,Car/other,31,None,Own,2,Skilled employee/official,1,Yes,Yes,Good
0–200 DM,20,No credits/all paid,Used car,6148,100–500 DM,>=7 years,3,Male: married/widowed,None,4,Car/other,31,Bank,Own,2,Skilled employee/official,1,Yes,Yes,Good
>= 200 DM,9,No credits/all paid,Radio/TV,1337,<100 DM,<1 year,4,Male: single,None,2,Car/other,34,None,Own,2,Management/self-employed/highly qualified,1,Yes,Yes,Bad
0–200 DM,6,All paid,Education,433,>=1000 DM,<1 year,4,Female: divorced/separated/married,None,2,Building society/life insurance,24,Bank,Rent,1,Skilled employee/official,2,None,Yes,Bad
< 0 DM,12,Existing paid duly,New car,1228,<100 DM,1–4 years,4,Female: divorced/separated/married,None,2,Real estate,24,None,Own,1,Unskilled resident,1,None,Yes,Bad
0–200 DM,9,Existing paid duly,Radio/TV,790,500–1000 DM,1–4 years,4,Female: divorced/separated/married,None,3,Real estate,66,None,Own,1,Unskilled resident,1,None,Yes,Good
No checking account,27,Existing paid duly,New car,2570,<100 DM,1–4 years,3,Female: divorced/separated/married,None,3,Real estate,21,None,Rent,1,Skilled employee/official,1,None,Yes,Bad
No checking account,6,Critical/other existing credits,New car,250,>=1000 DM,1–4 years,2,Female: divorced/separated/married,None,2,Real estate,41,Bank,Own,2,Unskilled resident,1,None,Yes,Good
No checking account,15,Critical/other existing credits,Radio/TV,1316,500–1000 DM,1–4 years,2,Male: married/widowed,None,2,Building society/life insurance,47,None,Own,2,Unskilled resident,1,None,Yes,Good
< 0 DM,18,Existing paid duly,Radio/TV,1882,<100 DM,1–4 years,4,Female: divorced/separated/married,None,4,Car/other,25,Bank,Rent,2,Skilled employee/official,1,None,Yes,Bad
0–200 DM,48,All paid,Business,6416,<100 DM,>=7 years,4,Female: divorced/separated/married,None,3,Unknown/no property,59,None,Rent,1,Skilled employee/official,1,None,Yes,Bad
>= 200 DM,24,Critical/other existing credits,Business,1275,>=1000 DM,1–4 years,2,Male: divorced/separated,None,4,Real estate,36,None,Own,2,Skilled employee/official,1,Yes,Yes,Good
0–200 DM,24,Delay in past,Radio/TV,6403,<100 DM,<1 year,1,Male: single,None,2,Car/other,33,None,Own,1,Skilled employee/official,1,None,Yes,Good
< 0 DM,24,Existing paid duly,Radio/TV,1987,<100 DM,1–4 years,2,Male: single,None,4,Real estate,21,None,Rent,1,Unskilled resident,2,None,Yes,Bad
0–200 DM,8,Existing paid duly,Radio/TV,760,<100 DM,4–7 years,4,Female: divorced/separated/married,Guarantor,2,Real estate,44,None,Own,1,Unskilled resident,1,None,Yes,Good
No checking account,24,Existing paid duly,Used car,2603,>=1000 DM,1–4 years,2,Female: divorced/separated/married,None,4,Car/other,28,None,Rent,1,Skilled employee/official,1,Yes,Yes,Good
No checking account,4,Critical/other existing credits,New car,3380,<100 DM,4–7 years,1,Female: divorced/separated/married,None,1,Real estate,37,None,Own,1,Skilled employee/official,2,None,Yes,Good
0–200 DM,36,All paid,Domestic appliances,3990,Unknown/no savings,<1 year,3,Female: divorced/separated/married,None,2,Unknown/no property,29,Bank,Own,1,Unemployed/unskilled non-resident,1,None,Yes,Good
0–200 DM,24,Existing paid duly,Used car,11560,<100 DM,1–4 years,1,Female: divorced/separated/married,None,4,Car/other,23,None,Rent,2,Management/self-employed/highly qualified,1,None,Yes,Bad
< 0 DM,18,Existing paid duly,New car,4380,100–500 DM,1–4 years,3,Male: single,None,4,Car/other,35,None,Own,1,Unskilled resident,2,Yes,Yes,Good
No checking account,6,Critical/other existing credits,New car,6761,<100 DM,4–7 years,1,Male: single,None,3,Unknown/no property,45,None,Own,2,Management/self-employed/highly qualified,2,Yes,Yes,Good
0–200 DM,30,No credits/all paid,Business,4280,100–500 DM,1–4 years,4,Female: divorced/separated/married,None,4,Car/other,26,None,Rent,2,Unskilled resident,1,None,Yes,Bad
< 0 DM,24,All paid,New car,2325,100–500 DM,4–7 years,2,Male: single,None,3,Car/other,32,Bank,Own,1,Skilled employee/official,1,None,Yes,Good
0–200 DM,10,All paid,Radio/TV,1048,<100 DM,1–4 years,4,Male: single,None,4,Real estate,23,Stores,Own,1,Unskilled resident,1,None,Yes,Good
No checking account,21,Existing paid duly,Radio/TV,3160,Unknown/no savings,>=7 years,4,Male: single,None,3,Building society/life insurance,41,None,Own,1,Skilled employee/official,1,Yes,Yes,Good
< 0 DM,24,All paid,Furniture/equipment,2483,500–1000 DM,1–4 years,4,Male: single,None,4,Real estate,22,Stores,Own,1,Skilled employee/official,1,Yes,Yes,Good
< 0 DM,39,Critical/other existing credits,Furniture/equipment,14179,Unknown/no savings,4–7 years,4,Male: single,None,4,Building society/life insurance,30,None,Own,2,Management/self-employed/highly qualified,1,Yes,Yes,Good
< 0 DM,13,Critical/other existing credits,Business,1797,<100 DM,<1 year,3,Male: single,None,1,Building society/life insurance,28,Bank,Own,2,Unskilled resident,1,None,Yes,Good
< 0 DM,15,Existing paid duly,New car,2511,<100 DM,Unemployed,1,Female: divorced/separated/married,None,4,Car/other,23,None,Rent,1,Skilled employee/official,1,None,Yes,Good
< 0 DM,12,Existing paid duly,New car,1274,<100 DM,<1 year,3,Female: divorced/separated/married,None,1,Real estate,37,None,Own,1,Unskilled resident,1,None,Yes,Bad
No checking account,21,Existing paid duly,Used car,5248,Unknown/no savings,1–4 years,1,Male: single,None,3,Car/other,26,None,Own,1,Skilled employee/official,1,None,Yes,Good
No checking account,15,Existing paid duly,Used car,3029,<100 DM,4–7 years,2,Male: single,None,2,Car/other,33,None,Own,1,Skilled employee/official,1,None,Yes,Good
< 0 DM,6,Existing paid duly,Furniture/equipment,428,<100 DM,>=7 years,2,Female: divorced/separated/married,None,1,Building society/life insurance,49,Bank,Own,1,Skilled employee/official,1,Yes,Yes,Good
< 0 DM,18,Existing paid duly,New car,976,<100 DM,<1 year,1,Female: divorced/separated/married,None,2,Car/other,23,None,Own,1,Unskilled resident,1,None,Yes,Bad
0–200 DM,12,Existing paid duly,Business,841,100–500 DM,4–7 years,2,Female: divorced/separated/married,None,4,Real estate,23,None,Rent,1,Unskilled resident,1,None,Yes,Good
No checking account,30,Critical/other existing credits,Radio/TV,5771,<100 DM,4–7 years,4,Female: divorced/separated/married,None,2,Car/other,25,None,Own,2,Skilled employee/official,1,None,Yes,Good
No checking account,12,Delay in past,Repairs,1555,>=1000 DM,>=7 years,4,Male: single,None,4,Unknown/no property,55,None,For free,2,Skilled employee/official,2,None,Yes,Bad
< 0 DM,24,Existing paid duly,New car,1285,Unknown/no savings,4–7 years,4,Female: divorced/separated/married,None,4,Unknown/no property,32,None,Rent,1,Skilled employee/official,1,None,Yes,Bad
>= 200 DM,6,Critical/other existing credits,New car,1299,<100 DM,1–4 years,1,Male: single,None,1,Real estate,74,None,Own,3,Unemployed/unskilled non-resident,2,None,No,Good
>= 200 DM,15,Critical/other existing credits,Radio/TV,1271,Unknown/no savings,1–4 years,3,Male: single,None,4,Unknown/no property,39,None,For free,2,Skilled employee/official,1,Yes,Yes,Bad
No checking account,24,Existing paid duly,New car,1393,<100 DM,1–4 years,2,Male: single,Guarantor,2,Real estate,31,None,Own,1,Skilled employee/official,1,Yes,Yes,Good
< 0 DM,12,Critical/other existing credits,New car,691,<100 DM,>=7 years,4,Male: single,None,3,Building society/life insurance,35,None,Own,2,Skilled employee/official,1,None,Yes,Bad
No checking account,15,Critical/other existing credits,New car,5045,Unknown/no savings,>=7 years,1,Female: divorced/separated/married,None,4,Car/other,59,None,Own,1,Skilled employee/official,1,Yes,Yes,Good
< 0 DM,18,Critical/other existing credits,Furniture/equipment,2124,<100 DM,1–4 years,4,Female: divorced/separated/married,None,4,Real estate,24,None,Rent,2,Skilled employee/official,1,None,Yes,Bad
< 0 DM,12,Existing paid duly,Radio/TV,2214,<100 DM,1–4 years,4,Male: single,None,3,Building society/life insurance,24,None,Own,1,Unskilled resident,1,None,Yes,Good
No checking account,21,Critical/other existing credits,New car,12680,Unknown/no savings,>=7 years,4,Male: single,None,4,Unknown/no property,30,None,For free,1,Management/self-employed/highly qualified,1,Yes,Yes,Bad
No checking account,24,Critical/other existing credits,New car,2463,100–500 DM,4–7 years,4,Male: married/widowed,None,3,Building society/life insurance,27,None,Own,2,Skilled employee/official,1,Yes,Yes,Good
0–200 DM,12,Existing paid duly,Radio/TV,1155,<100 DM,>=7 years,3,Male: married/widowed,Guarantor,3,Real estate,40,Bank,Own,2,Unskilled resident,1,None,Yes,Good
< 0 DM,30,Existing paid duly,Furniture/equipment,3108,<100 DM,<1 year,2,Male: divorced/separated,None,4,Building society/life insurance,31,None,Own,1,Unskilled resident,1,None,Yes,Bad
No checking account,10,Existing paid duly,Used car,2901,Unknown/no savings,<1 year,1,Female: divorced/separated/married,None,4,Real estate,31,None,Rent,1,Skilled employee/official,1,None,Yes,Good
0–200 DM,12,Critical/other existing credits,Furniture/equipment,3617,<100 DM,>=7 years,1,Male: single,None,4,Car/other,28,None,Rent,3,Skilled employee/official,1,Yes,Yes,Good
No checking account,12,Critical/other existing credits,Radio/TV,1655,<100 DM,>=7 years,2,Male: single,None,4,Real estate,63,None,Own,2,Unskilled resident,1,Yes,Yes,Good
< 0 DM,24,Existing paid duly,Used car,2812,Unknown/no savings,>=7 years,2,Female: divorced/separated/married,None,4,Real estate,26,None,Rent,1,Skilled employee/official,1,None,Yes,Good
< 0 DM,36,Critical/other existing credits,Education,8065,<100 DM,1–4 years,3,Female: divorced/separated/married,None,2,Unknown/no property,25,None,Own,2,Management/self-employed/highly qualified,1,Yes,Yes,Bad
No checking account,21,Critical/other existing credits,Used car,3275,<100 DM,>=7 years,1,Male: single,None,4,Car/other,36,None,Own,1,Management/self-employed/highly qualified,1,Yes,Yes,Good
No checking account,24,Critical/other existing credits,Radio/TV,2223,100–500 DM,>=7 years,4,Male: single,None,4,Building society/life insurance,52,Bank,Own,2,Skilled employee/official,1,None,Yes,Good
>= 200 DM,12,Critical/other existing credits,New car,1480,500–1000 DM,Unemployed,2,Male: single,None,4,Unknown/no property,66,Bank,For free,3,Unemployed/unskilled non-resident,1,None,Yes,Good
< 0 DM,24,Existing paid duly,New car,1371,Unknown/no savings,1–4 years,4,Female: divorced/separated/married,None,4,Real estate,25,None,Rent,1,Skilled employee/official,1,None,Yes,Bad
No checking account,36,Critical/other existing credits,New car,3535,<100 DM,4–7 years,4,Male: single,None,4,Car/other,37,None,Own,2,Skilled employee/official,1,Yes,Yes,Good
< 0 DM,18,Existing paid duly,Radio/TV,3509,<100 DM,4–7 years,4,Female: divorced/separated/married,Guarantor,1,Real estate,25,None,Own,1,Skilled employee/official,1,None,Yes,Good
No checking account,36,Critical/other existing credits,Used car,5711,>=1000 DM,>=7 years,4,Male: single,None,2,Car/other,38,None,Own,2,Management/self-employed/highly qualified,1,Yes,Yes,Good
0–200 DM,18,Existing paid duly,Repairs,3872,<100 DM,Unemployed,2,Female: divorced/separated/married,None,4,Car/other,67,None,Own,1,Skilled employee/official,1,Yes,Yes,Good
0–200 DM,39,Critical/other existing credits,Radio/TV,4933,<100 DM,4–7 years,2,Male: single,Guarantor,2,Real estate,25,None,Own,2,Skilled employee/official,1,None,Yes,Bad
No checking account,24,Critical/other existing credits,New car,1940,>=1000 DM,>=7 years,4,Male: single,None,4,Real estate,60,None,Own,1,Skilled employee/official,1,Yes,Yes,Good
0–200 DM,12,No credits/all paid,Retraining,1410,<100 DM,1–4 years,2,Male: single,None,2,Real estate,31,None,Own,1,Unskilled resident,1,Yes,Yes,Good
0–200 DM,12,Existing paid duly,New car,836,100–500 DM,<1 year,4,Female: divorced/separated/married,None,2,Building society/life insurance,23,Bank,Own,1,Unskilled resident,1,None,Yes,Bad
0–200 DM,20,Existing paid duly,Used car,6468,Unknown/no savings,Unemployed,1,Male: divorced/separated,None,4,Real estate,60,None,Own,1,Management/self-employed/highly qualified,1,Yes,Yes,Good
0–200 DM,18,Existing paid duly,Business,1941,>=1000 DM,1–4 years,4,Male: single,None,2,Building society/life insurance,35,None,Own,1,Unskilled resident,1,Yes,Yes,Good
No checking account,22,Existing paid duly,Radio/TV,2675,500–1000 DM,>=7 years,3,Male: single,None,4,Car/other,40,None,Own,1,Skilled employee/official,1,None,Yes,Good
No checking account,48,Critical/other existing credits,Used car,2751,Unknown/no savings,>=7 years,4,Male: single,None,3,Car/other,38,None,Own,2,Skilled employee/official,2,Yes,Yes,Good
0–200 DM,48,Delay in past,Education,6224,<100 DM,>=7 years,4,Male: single,None,4,Unknown/no property,50,None,For free,1,Skilled employee/official,1,None,Yes,Bad
< 0 DM,40,Critical/other existing credits,Education,5998,<100 DM,1–4 years,4,Male: single,None,3,Unknown/no property,27,Bank,Own,1,Skilled employee/official,1,Yes,Yes,Bad
0–200 DM,21,Existing paid duly,Business,1188,<100 DM,>=7 years,2,Female: divorced/separated/married,None,4,Building society/life insurance,39,None,Own,1,Skilled employee/official,2,None,Yes,Bad
No checking account,24,Existing paid duly,Used car,6313,Unknown/no savings,>=7 years,3,Male: single,None,4,Car/other,41,None,Own,1,Management/self-employed/highly qualified,2,Yes,Yes,Good
No checking account,6,Critical/other existing credits,Furniture/equipment,1221,Unknown/no savings,1–4 years,1,Male: married/widowed,None,2,Building society/life insurance,27,None,Own,2,Skilled employee/official,1,None,Yes,Good
>= 200 DM,24,Existing paid duly,Furniture/equipment,2892,<100 DM,>=7 years,3,Male: divorced/separated,None,4,Unknown/no property,51,None,For free,1,Skilled employee/official,1,None,Yes,Good
No checking account,24,Existing paid duly,Furniture/equipment,3062,500–1000 DM,>=7 years,4,Male: single,None,3,Unknown/no property,32,None,Rent,1,Skilled employee/official,1,Yes,Yes,Good
No checking account,9,Existing paid duly,Furniture/equipment,2301,100–500 DM,<1 year,2,Female: divorced/separated/married,None,4,Building society/life insurance,22,None,Rent,1,Skilled employee/official,1,None,Yes,Good
< 0 DM,18,Existing paid duly,Used car,7511,Unknown/no savings,>=7 years,1,Male: single,None,4,Building society/life insurance,51,None,For free,1,Skilled employee/official,2,Yes,Yes,Bad
No checking account,12,Critical/other existing credits,Furniture/equipment,1258,<100 DM,<1 year,2,Female: divorced/separated/married,None,4,Building society/life insurance,22,None,Rent,2,Unskilled resident,1,None,Yes,Good
No checking account,24,Delay in past,New car,717,Unknown/no savings,>=7 years,4,Male: married/widowed,None,4,Car/other,54,None,Own,2,Skilled employee/official,1,Yes,Yes,Good
0–200 DM,9,Existing paid duly,New car,1549,Unknown/no savings,<1 year,4,Male: single,None,2,Real estate,35,None,Own,1,Unemployed/unskilled non-resident,1,None,Yes,Good
No checking account,24,Critical/other existing credits,Education,1597,<100 DM,>=7 years,4,Male: single,None,4,Unknown/no property,54,None,For free,2,Skilled employee/official,2,None,Yes,Good
0–200 DM,18,Critical/other existing credits,Radio/TV,1795,<100 DM,>=7 years,3,Female: divorced/separated/married,Guarantor,4,Real estate,48,Bank,Rent,2,Unskilled resident,1,Yes,Yes,Good
< 0 DM,20,Critical/other existing credits,Furniture/equipment,4272,<100 DM,>=7 years,1,Female: divorced/separated/married,None,4,Building society/life insurance,24,None,Own,2,Skilled employee/official,1,None,Yes,Good
No checking account,12,Critical/other existing credits,Radio/TV,976,Unknown/no savings,>=7 years,4,Male: single,None,4,Car/other,35,None,Own,2,Skilled employee/official,1,None,Yes,Good
0–200 DM,12,Existing paid duly,New car,7472,Unknown/no savings,Unemployed,1,Female: divorced/separated/married,None,2,Real estate,24,None,Rent,1,Unemployed/unskilled non-resident,1,None,Yes,Good
< 0 DM,36,Existing paid duly,New car,9271,<100 DM,4–7 years,2,Male: single,None,1,Car/other,24,None,Own,1,Skilled employee/official,1,Yes,Yes,Bad
0–200 DM,6,Existing paid duly,Radio/TV,590,<100 DM,<1 year,3,Male: married/widowed,None,3,Real estate,26,None,Own,1,Unskilled resident,1,None,No,Good
No checking account,12,Critical/other existing credits,Radio/TV,930,Unknown/no savings,>=7 years,4,Male: single,None,4,Real estate,65,None,Own,4,Skilled employee/official,1,None,Yes,Good
0–200 DM,42,All paid,Used car,9283,<100 DM,Unemployed,1,Male: single,None,2,Unknown/no property,55,Bank,For free,1,Management/self-employed/highly qualified,1,Yes,Yes,Good
0–200 DM,15,No credits/all paid,New car,1778,<100 DM,<1 year,2,Female: divorced/separated/married,None,1,Real estate,26,None,Rent,2,Unemployed/unskilled non-resident,1,None,Yes,Bad
0–200 DM,8,Existing paid duly,Business,907,<100 DM,<1 year,3,Male: married/widowed,None,2,Real estate,26,None,Own,1,Skilled employee/official,1,Yes,Yes,Good
0–200 DM,6,Existing paid duly,Radio/TV,484,<100 DM,4–7 years,3,Male: married/widowed,Guarantor,3,Real estate,28,Bank,Own,1,Unskilled resident,1,None,Yes,Good
< 0 DM,36,Critical/other existing credits,Used car,9629,<100 DM,4–7 years,4,Male: single,None,4,Car/other,24,None,Own,2,Skilled employee/official,1,Yes,Yes,Bad
< 0 DM,48,Existing paid duly,Domestic appliances,3051,<100 DM,1–4 years,3,Male: single,None,4,Car/other,54,None,Own,1,Skilled employee/official,1,None,Yes,Bad
< 0 DM,48,Existing paid duly,New car,3931,<100 DM,4–7 years,4,Male: single,None,4,Unknown/no property,46,None,For free,1,Skilled employee/official,2,None,Yes,Bad
0–200 DM,36,Delay in past,New car,7432,<100 DM,1–4 years,2,Female: divorced/separated/married,None,2,Building society/life insurance,54,None,Rent,1,Skilled employee/official,1,None,Yes,Good
No checking account,6,Existing paid duly,Domestic appliances,1338,500–1000 DM,1–4 years,1,Male: divorced/separated,None,4,Real estate,62,None,Own,1,Skilled employee/official,1,None,Yes,Good
No checking account,6,Critical/other existing credits,Radio/TV,1554,<100 DM,4–7 years,1,Female: divorced/separated/married,None,2,Car/other,24,None,Rent,2,Skilled employee/official,1,Yes,Yes,Good
< 0 DM,36,Existing paid duly,Other,15857,<100 DM,Unemployed,2,Male: divorced/separated,Co-applicant,3,Car/other,43,None,Own,1,Management/self-employed/highly qualified,1,None,Yes,Good
< 0 DM,18,Existing paid duly,Radio/TV,1345,<100 DM,1–4 years,4,Male: married/widowed,None,3,Real estate,26,Bank,Own,1,Skilled employee/official,1,None,Yes,Bad
No checking account,12,Existing paid duly,New car,1101,<100 DM,1–4 years,3,Male: married/widowed,None,2,Real estate,27,None,Own,2,Skilled employee/official,1,Yes,Yes,Good
>= 200 DM,12,Existing paid duly,Radio/TV,3016,<100 DM,1–4 years,3,Male: married/widowed,None,1,Car/other,24,None,Own,1,Skilled employee/official,1,None,Yes,Good
< 0 DM,36,Existing paid duly,Furniture/equipment,2712,<100 DM,>=7 years,2,Male: single,None,2,Building society/life insurance,41,Bank,Own,1,Skilled employee/official,2,None,Yes,Bad
< 0 DM,8,Critical/other existing credits,New car,731,<100 DM,>=7 years,4,Male: single,None,4,Real estate,47,None,Own,2,Unskilled resident,1,None,Yes,Good
No checking account,18,Critical/other existing credits,Furniture/equipment,3780,<100 DM,<1 year,3,Male: divorced/separated,None,2,Car/other,35,None,Own,2,Management/self-employed/highly qualified,1,Yes,Yes,Good
< 0 DM,21,Critical/other existing credits,New car,1602,<100 DM,>=7 years,4,Male: married/widowed,None,3,Car/other,30,None,Own,2,Skilled employee/official,1,Yes,Yes,Good
< 0 DM,18,Critical/other existing credits,New car,3966,<100 DM,>=7 years,1,Female: divorced/separated/married,None,4,Real estate,33,Bank,Rent,3,Skilled employee/official,1,Yes,Yes,Bad
No checking account,18,No credits/all paid,Business,4165,<100 DM,1–4 years,2,Male: single,None,2,Car/other,36,Stores,Own,2,Skilled employee/official,2,None,Yes,Bad
< 0 DM,36,Existing paid duly,Used car,8335,Unknown/no savings,>=7 years,3,Male: single,None,4,Unknown/no property,47,None,For free,1,Skilled employee/official,1,None,Yes,Bad
0–200 DM,48,Delay in past,Business,6681,Unknown/no savings,1–4 years,4,Male: single,None,4,Unknown/no property,38,None,For free,1,Skilled employee/official,2,Yes,Yes,Good
No checking account,24,Delay in past,Business,2375,500–1000 DM,1–4 years,4,Male: single,None,2,Car/other,44,None,Own,2,Skilled employee/official,2,Yes,Yes,Good
< 0 DM,18,Existing paid duly,New car,1216,<100 DM,<1 year,4,Female: divorced/separated/married,None,3,Car/other,23,None,Rent,1,Skilled employee/official,1,Yes,Yes,Bad
< 0 DM,45,No credits/all paid,Business,11816,<100 DM,>=7 years,2,Male: single,None,4,Car/other,29,None,Rent,2,Skilled employee/official,1,None,Yes,Bad
0–200 DM,24,Existing paid duly,Radio/TV,5084,Unknown/no savings,>=7 years,2,Female: divorced/separated/married,None,4,Car/other,42,None,Own,1,Skilled employee/official,1,Yes,Yes,Good
>= 200 DM,15,Existing paid duly,Radio/TV,2327,<100 DM,<1 year,2,Female: divorced/separated/married,None,3,Real estate,25,None,Own,1,Unskilled resident,1,None,Yes,Bad
< 0 DM,12,No credits/all paid,New car,1082,<100 DM,1–4 years,4,Male: single,None,4,Car/other,48,Bank,Own,2,Skilled employee/official,1,None,Yes,Bad
No checking account,12,Existing paid duly,Radio/TV,886,Unknown/no savings,1–4 years,4,Female: divorced/separated/married,None,2,Car/other,21,None,Own,1,Skilled employee/official,1,None,Yes,Good
No checking account,4,Existing paid duly,Furniture/equipment,601,<100 DM,<1 year,1,Female: divorced/separated/married,None,3,Real estate,23,None,Rent,1,Unskilled resident,2,None,Yes,Good
< 0 DM,24,Critical/other existing credits,Used car,2957,<100 DM,>=7 years,4,Male: single,None,4,Building society/life insurance,63,None,Own,2,Skilled employee/official,1,Yes,Yes,Good
No checking account,24,Critical/other existing credits,Radio/TV,2611,<100 DM,>=7 years,4,Male: married/widowed,Co-applicant,3,Real estate,46,None,Own,2,Skilled employee/official,1,None,Yes,Good
< 0 DM,36,Existing paid duly,Furniture/equipment,5179,<100 DM,4–7 years,4,Male: single,None,2,Building society/life insurance,29,None,Own,1,Skilled employee/official,1,None,Yes,Bad
No checking account,21,Delay in past,Used car,2993,<100 DM,1–4 years,3,Male: single,None,2,Real estate,28,Stores,Own,2,Unskilled resident,1,None,Yes,Good
No checking account,18,Existing paid duly,Repairs,1943,<100 DM,<1 year,4,Female: divorced/separated/married,None,4,Real estate,23,None,Own,1,Skilled employee/official,1,None,Yes,Bad
No checking account,24,All paid,Business,1559,<100 DM,4–7 years,4,Male: single,None,4,Car/other,50,Bank,Own,1,Skilled employee/official,1,Yes,Yes,Good
No checking account,18,Existing paid duly,Furniture/equipment,3422,<100 DM,>=7 years,4,Male: single,None,4,Building society/life insurance,47,Bank,Own,3,Skilled employee/official,2,Yes,Yes,Good
0–200 DM,21,Existing paid duly,Furniture/equipment,3976,Unknown/no savings,4–7 years,2,Male: single,None,3,Car/other,35,None,Own,1,Skilled employee/official,1,Yes,Yes,Good
No checking account,18,Existing paid duly,New car,6761,Unknown/no savings,1–4 years,2,Male: single,None,4,Car/other,68,None,Rent,2,Skilled employee/official,1,None,Yes,Bad
No checking account,24,Existing paid duly,New car,1249,<100 DM,<1 year,4,Male: married/widowed,None,2,Real estate,28,None,Own,1,Skilled employee/official,1,None,Yes,Good
< 0 DM,9,Existing paid duly,Radio/TV,1364,<100 DM,4–7 years,3,Male: single,None,4,Real estate,59,None,Own,1,Skilled employee/official,1,None,Yes,Good
< 0 DM,12,Existing paid duly,Radio/TV,709,<100 DM,>=7 years,4,Male: single,None,4,Real estate,57,Stores,Own,1,Unskilled resident,1,None,Yes,Bad
< 0 DM,20,Critical/other existing credits,New car,2235,<100 DM,1–4 years,4,Male: married/widowed,Guarantor,2,Building society/life insurance,33,Bank,Rent,2,Skilled employee/official,1,None,No,Bad
No checking account,24,Critical/other existing credits,Used car,4042,Unknown/no savings,4–7 years,3,Male: single,None,4,Building society/life insurance,43,None,Own,2,Skilled employee/official,1,Yes,Yes,Good
No checking account,15,Critical/other existing credits,Radio/TV,1471,<100 DM,1–4 years,4,Male: single,None,4,Unknown/no property,35,None,For free,2,Skilled employee/official,1,Yes,Yes,Good
< 0 DM,18,All paid,New car,1442,<100 DM,4–7 years,4,Male: single,None,4,Unknown/no property,32,None,For free,2,Unskilled resident,2,None,Yes,Bad
No checking account,36,Delay in past,New car,10875,<100 DM,>=7 years,2,Male: single,None,2,Car/other,45,None,Own,2,Skilled employee/official,2,Yes,Yes,Good
No checking account,24,Existing paid duly,New car,1474,100–500 DM,<1 year,4,Male: married/widowed,None,3,Real estate,33,None,Own,1,Skilled employee/official,1,Yes,Yes,Good
No checking account,10,Existing paid duly,Retraining,894,Unknown/no savings,4–7 years,4,Female: divorced/separated/married,None,3,Building society/life insurance,40,None,Own,1,Skilled employee/official,1,Yes,Yes,Good
No checking account,15,Critical/other existing credits,Furniture/equipment,3343,<100 DM,1–4 years,4,Male: single,None,2,Unknown/no property,28,None,For free,1,Skilled employee/official,1,Yes,Yes,Good
< 0 DM,15,Existing paid duly,New car,3959,<100 DM,1–4 years,3,Female: divorced/separated/married,None,2,Building society/life insurance,29,None,Own,1,Skilled employee/official,1,Yes,Yes,Bad
No checking account,9,Existing paid duly,New car,3577,100–500 DM,1–4 years,1,Male: single,Guarantor,2,Real estate,26,None,Rent,1,Skilled employee/official,2,None,No,Good
No checking account,24,Critical/other existing credits,Used car,5804,>=1000 DM,1–4 years,4,Male: single,None,2,Real estate,27,None,Own,2,Skilled employee/official,1,None,Yes,Good
No checking account,18,Delay in past,Business,2169,<100 DM,1–4 years,4,Male: married/widowed,None,2,Car/other,28,None,Own,1,Skilled employee/official,1,Yes,Yes,Bad
< 0 DM,24,Existing paid duly,Radio/TV,2439,<100 DM,<1 year,4,Female: divorced/separated/married,None,4,Real estate,35,None,Own,1,Skilled employee/official,1,Yes,Yes,Bad
No checking account,27,Critical/other existing credits,Furniture/equipment,4526,>=1000 DM,<1 year,4,Male: single,None,2,Real estate,32,Stores,Own,2,Unskilled resident,2,Yes,Yes,Good
No checking account,10,Existing paid duly,Furniture/equipment,2210,<100 DM,1–4 years,2,Male: single,None,2,Real estate,25,Bank,Rent,1,Unskilled resident,1,None,Yes,Bad
No checking account,15,Existing paid duly,Furniture/equipment,2221,500–1000 DM,1–4 years,2,Female: divorced/separated/married,None,4,Car/other,20,None,Rent,1,Skilled employee/official,1,None,Yes,Good
< 0 DM,18,Existing paid duly,Radio/TV,2389,<100 DM,<1 year,4,Female: divorced/separated/married,None,1,Car/other,27,Stores,Own,1,Skilled employee/official,1,None,Yes,Good
No checking account,12,Critical/other existing credits,Furniture/equipment,3331,<100 DM,>=7 years,2,Male: single,None,4,Building society/life insurance,42,Stores,Own,1,Skilled employee/official,1,None,Yes,Good
No checking account,36,Existing paid duly,Business,7409,Unknown/no savings,>=7 years,3,Male: single,None,2,Building society/life insurance,37,None,Own,2,Skilled employee/official,1,None,Yes,Good
< 0 DM,12,Existing paid duly,Furniture/equipment,652,<100 DM,>=7 years,4,Female: divorced/separated/married,None,4,Building society/life insurance,24,None,Rent,1,Skilled employee/official,1,None,Yes,Good
No checking account,36,Delay in past,Furniture/equipment,7678,500–1000 DM,4–7 years,2,Female: divorced/separated/married,None,4,Car/other,40,None,Own,2,Skilled employee/official,1,Yes,Yes,Good
>= 200 DM,6,Critical/other existing credits,New car,1343,<100 DM,>=7 years,1,Male: single,None,4,Real estate,46,None,Own,2,Skilled employee/official,2,None,No,Good
< 0 DM,24,Critical/other existing credits,Business,1382,100–500 DM,4–7 years,4,Male: single,None,1,Real estate,26,None,Own,2,Skilled employee/official,1,Yes,Yes,Good
No checking account,15,Existing paid duly,Domestic appliances,874,Unknown/no savings,<1 year,4,Female: divorced/separated/married,None,1,Real estate,24,None,Own,1,Skilled employee/official,1,None,Yes,Good
< 0 DM,12,Existing paid duly,Furniture/equipment,3590,<100 DM,1–4 years,2,Male: single,Co-applicant,2,Building society/life insurance,29,None,Own,1,Unskilled resident,2,None,Yes,Good
0–200 DM,11,Critical/other existing credits,New car,1322,>=1000 DM,1–4 years,4,Female: divorced/separated/married,None,4,Car/other,40,None,Own,2,Skilled employee/official,1,None,Yes,Good
< 0 DM,18,All paid,Radio/TV,1940,<100 DM,<1 year,3,Male: single,Co-applicant,4,Unknown/no property,36,Bank,For free,1,Management/self-employed/highly qualified,1,Yes,Yes,Good
No checking account,36,Existing paid duly,Radio/TV,3595,<100 DM,>=7 years,4,Male: single,None,2,Car/other,28,None,Own,1,Skilled employee/official,1,None,Yes,Good
< 0 DM,9,Existing paid duly,New car,1422,<100 DM,<1 year,3,Male: single,None,2,Unknown/no property,27,None,For free,1,Management/self-employed/highly qualified,1,Yes,Yes,Bad
No checking account,30,Critical/other existing credits,Radio/TV,6742,Unknown/no savings,4–7 years,2,Male: single,None,3,Building society/life insurance,36,None,Own,2,Skilled employee/official,1,None,Yes,Good
No checking account,24,Existing paid duly,Used car,7814,<100 DM,4–7 years,3,Male: single,None,3,Car/other,38,None,Own,1,Management/self-employed/highly qualified,1,Yes,Yes,Good
No checking account,24,Existing paid duly,Used car,9277,Unknown/no savings,1–4 years,2,Male: divorced/separated,None,4,Unknown/no property,48,None,For free,1,Skilled employee/official,1,Yes,Yes,Good
0–200 DM,30,Critical/other existing credits,New car,2181,Unknown/no savings,>=7 years,4,Male: single,None,4,Real estate,36,None,Own,2,Skilled employee/official,1,None,Yes,Good
No checking account,18,Critical/other existing credits,Radio/TV,1098,<100 DM,Unemployed,4,Female: divorced/separated/married,None,4,Car/other,65,None,Own,2,Unemployed/unskilled non-resident,1,None,Yes,Good
0–200 DM,24,Existing paid duly,Furniture/equipment,4057,<100 DM,4–7 years,3,Male: divorced/separated,None,3,Car/other,43,None,Own,1,Skilled employee/official,1,Yes,Yes,Bad
< 0 DM,12,Existing paid duly,Education,795,<100 DM,<1 year,4,Female: divorced/separated/married,None,4,Building society/life insurance,53,None,Own,1,Skilled employee/official,1,None,Yes,Bad
0–200 DM,24,Critical/other existing credits,Business,2825,Unknown/no savings,4–7 years,4,Male: single,None,3,Unknown/no property,34,None,Own,2,Skilled employee/official,2,Yes,Yes,Good
0–200 DM,48,Existing paid duly,Business,15672,<100 DM,1–4 years,2,Male: single,None,2,Car/other,23,None,Own,1,Skilled employee/official,1,Yes,Yes,Bad
No checking account,36,Critical/other existing credits,New car,6614,<100 DM,>=7 years,4,Male: single,None,4,Car/other,34,None,Own,2,Management/self-employed/highly qualified,1,Yes,Yes,Good
No checking account,28,All paid,Used car,7824,Unknown/no savings,<1 year,3,Male: single,Guarantor,4,Real estate,40,Bank,Rent,2,Skilled employee/official,2,Yes,Yes,Good
< 0 DM,27,Critical/other existing credits,Business,2442,<100 DM,>=7 years,4,Male: single,None,4,Car/other,43,Stores,Own,4,Management/self-employed/highly qualified,2,Yes,Yes,Good
No checking account,15,Critical/other existing credits,Radio/TV,1829,<100 DM,>=7 years,4,Male: single,None,4,Car/other,46,None,Own,2,Skilled employee/official,1,Yes,Yes,Good
< 0 DM,12,Critical/other existing credits,New car,2171,<100 DM,1–4 years,4,Male: single,None,4,Building society/life insurance,38,Bank,Own,2,Unskilled resident,1,None,No,Good
0–200 DM,36,Critical/other existing credits,Used car,5800,<100 DM,1–4 years,3,Male: single,None,4,Car/other,34,None,Own,2,Skilled employee/official,1,Yes,Yes,Good
No checking account,18,Critical/other existing credits,Radio/TV,1169,Unknown/no savings,1–4 years,4,Male: single,None,3,Building society/life insurance,29,None,Own,2,Skilled employee/official,1,Yes,Yes,Good
No checking account,36,Delay in past,Used car,8947,Unknown/no savings,4–7 years,3,Male: single,None,2,Car/other,31,Stores,Own,1,Management/self-employed/highly qualified,2,Yes,Yes,Good
< 0 DM,21,Existing paid duly,Radio/TV,2606,<100 DM,<1 year,4,Female: divorced/separated/married,None,4,Building society/life insurance,28,None,Rent,1,Management/self-employed/highly qualified,1,Yes,Yes,Good
No checking account,12,Critical/other existing credits,Furniture/equipment,1592,>=1000 DM,4–7 years,3,Female: divorced/separated/married,None,2,Building society/life insurance,35,None,Own,1,Skilled employee/official,1,None,No,Good
No checking account,15,Existing paid duly,Furniture/equipment,2186,Unknown/no savings,4–7 years,1,Female: divorced/separated/married,None,4,Real estate,33,Bank,Rent,1,Unskilled resident,1,None,Yes,Good
< 0 DM,18,Existing paid duly,Furniture/equipment,4153,<100 DM,1–4 years,2,Male: single,Co-applicant,3,Car/other,42,None,Own,1,Skilled employee/official,1,None,Yes,Bad
< 0 DM,16,Critical/other existing credits,New car,2625,<100 DM,>=7 years,2,Male: single,Guarantor,4,Building society/life insurance,43,Bank,Rent,1,Skilled employee/official,1,Yes,Yes,Bad
No checking account,20,Critical/other existing credits,New car,3485,Unknown/no savings,<1 year,2,Male: divorced/separated,None,4,Real estate,44,None,Own,2,Skilled employee/official,1,Yes,Yes,Good
No checking account,36,Critical/other existing credits,Used car,10477,Unknown/no savings,>=7 years,2,Male: single,None,4,Unknown/no property,42,None,For free,2,Skilled employee/official,1,None,Yes,Good
No checking account,15,Existing paid duly,Radio/TV,1386,Unknown/no savings,1–4 years,4,Male: married/widowed,None,2,Real estate,40,None,Rent,1,Skilled employee/official,1,Yes,Yes,Good
No checking account,24,Existing paid duly,Radio/TV,1278,<100 DM,>=7 years,4,Male: single,None,1,Real estate,36,None,Own,1,Management/self-employed/highly qualified,1,Yes,Yes,Good
< 0 DM,12,Existing paid duly,Radio/TV,1107,<100 DM,1–4 years,2,Male: single,None,2,Real estate,20,None,Rent,1,Management/self-employed/highly qualified,2,Yes,Yes,Good
< 0 DM,21,Existing paid duly,New car,3763,Unknown/no savings,4–7 years,2,Male: single,Co-applicant,2,Real estate,24,None,Own,1,Unskilled resident,1,None,No,Good
0–200 DM,36,Existing paid duly,Education,3711,Unknown/no savings,1–4 years,2,Male: married/widowed,None,2,Car/other,27,None,Own,1,Skilled employee/official,1,None,Yes,Good
No checking account,15,Delay in past,Used car,3594,<100 DM,<1 year,1,Female: divorced/separated/married,None,2,Building society/life insurance,46,None,Own,2,Unskilled resident,1,None,Yes,Good
0–200 DM,9,Existing paid duly,New car,3195,Unknown/no savings,1–4 years,1,Female: divorced/separated/married,None,2,Real estate,33,None,Own,1,Unskilled resident,1,None,Yes,Good
No checking account,36,Delay in past,Radio/TV,4454,<100 DM,1–4 years,4,Female: divorced/separated/married,None,4,Real estate,34,None,Own,2,Skilled employee/official,1,None,Yes,Good
0–200 DM,24,Critical/other existing credits,Furniture/equipment,4736,<100 DM,<1 year,2,Female: divorced/separated/married,None,4,Car/other,25,Bank,Own,1,Unskilled resident,1,None,Yes,Bad
0–200 DM,30,Existing paid duly,Radio/TV,2991,Unknown/no savings,>=7 years,2,Female: divorced/separated/married,None,4,Car/other,25,None,Own,1,Skilled employee/official,1,None,Yes,Good
No checking account,11,Existing paid duly,Business,2142,>=1000 DM,>=7 years,1,Male: divorced/separated,None,2,Real estate,28,None,Own,1,Skilled employee/official,1,Yes,Yes,Good
< 0 DM,24,All paid,Business,3161,<100 DM,1–4 years,4,Male: single,None,2,Building society/life insurance,31,None,Rent,1,Skilled employee/official,1,Yes,Yes,Bad
0–200 DM,48,No credits/all paid,Other,18424,<100 DM,1–4 years,1,Female: divorced/separated/married,None,2,Building society/life insurance,32,Bank,Own,1,Management/self-employed/highly qualified,1,Yes,No,Bad
No checking account,10,Existing paid duly,Used car,2848,100–500 DM,1–4 years,1,Male: single,Co-applicant,2,Real estate,32,None,Own,1,Skilled employee/official,2,None,Yes,Good
< 0 DM,6,Existing paid duly,New car,14896,<100 DM,>=7 years,1,Male: single,None,4,Unknown/no property,68,Bank,Own,1,Management/self-employed/highly qualified,1,Yes,Yes,Bad
< 0 DM,24,Existing paid duly,Furniture/equipment,2359,100–500 DM,Unemployed,1,Male: divorced/separated,None,1,Building society/life insurance,33,None,Own,1,Skilled employee/official,1,None,Yes,Bad
< 0 DM,24,Existing paid duly,Furniture/equipment,3345,<100 DM,>=7 years,4,Male: single,None,2,Building society/life insurance,39,None,Rent,1,Management/self-employed/highly qualified,1,Yes,Yes,Bad
No checking account,18,Critical/other existing credits,Furniture/equipment,1817,<100 DM,1–4 years,4,Female: divorced/separated/married,None,2,Unknown/no property,28,None,Own,2,Skilled employee/official,1,None,Yes,Good
No checking account,48,Delay in past,Radio/TV,12749,500–1000 DM,4–7 years,4,Male: single,None,1,Car/other,37,None,Own,1,Management/self-employed/highly qualified,1,Yes,Yes,Good
< 0 DM,9,Existing paid duly,Radio/TV,1366,<100 DM,<1 year,3,Female: divorced/separated/married,None,4,Building society/life insurance,22,None,Rent,1,Skilled employee/official,1,None,Yes,Bad
0–200 DM,12,Existing paid duly,New car,2002,<100 DM,4–7 years,3,Male: single,None,4,Building society/life insurance,30,None,Rent,1,Skilled employee/official,2,Yes,Yes,Good
< 0 DM,24,All paid,Furniture/equipment,6872,<100 DM,<1 year,2,Male: divorced/separated,None,1,Building society/life insurance,55,Bank,Own,1,Skilled employee/official,1,Yes,Yes,Bad
< 0 DM,12,All paid,New car,697,<100 DM,<1 year,4,Male: single,None,2,Car/other,46,Bank,Own,2,Skilled employee/official,1,Yes,Yes,Bad
< 0 DM,18,Critical/other existing credits,Furniture/equipment,1049,<100 DM,<1 year,4,Female: divorced/separated/married,None,4,Building society/life insurance,21,None,Rent,1,Skilled employee/official,1,None,Yes,Good
< 0 DM,48,Existing paid duly,Used car,10297,<100 DM,4–7 years,4,Male: single,None,4,Unknown/no property,39,Stores,For free,3,Skilled employee/official,2,Yes,Yes,Bad
No checking account,30,Existing paid duly,Radio/TV,1867,Unknown/no savings,>=7 years,4,Male: single,None,4,Car/other,58,None,Own,1,Skilled employee/official,1,Yes,Yes,Good
< 0 DM,12,Delay in past,New car,1344,<100 DM,1–4 years,4,Male: single,None,2,Real estate,43,None,Own,2,Unskilled resident,2,None,Yes,Good
< 0 DM,24,Existing paid duly,Furniture/equipment,1747,<100 DM,<1 year,4,Male: single,Co-applicant,1,Building society/life insurance,24,None,Own,1,Unskilled resident,1,None,No,Good
0–200 DM,9,Existing paid duly,Radio/TV,1670,<100 DM,<1 year,4,Female: divorced/separated/married,None,2,Car/other,22,None,Own,1,Skilled employee/official,1,Yes,Yes,Bad
No checking account,9,Critical/other existing credits,New car,1224,<100 DM,1–4 years,3,Male: single,None,1,Real estate,30,None,Own,2,Skilled employee/official,1,None,Yes,Good
No checking account,12,Critical/other existing credits,Radio/TV,522,500–1000 DM,>=7 years,4,Male: single,None,4,Building society/life insurance,42,None,Own,2,Skilled employee/official,2,Yes,Yes,Good
< 0 DM,12,Existing paid duly,Radio/TV,1498,<100 DM,1–4 years,4,Female: divorced/separated/married,None,1,Car/other,23,Bank,Own,1,Skilled employee/official,1,None,Yes,Good
0–200 DM,30,Delay in past,Radio/TV,1919,100–500 DM,<1 year,4,Male: single,None,3,Unknown/no property,30,Stores,Own,2,Management/self-employed/highly qualified,1,None,Yes,Bad
>= 200 DM,9,Existing paid duly,Radio/TV,745,<100 DM,1–4 years,3,Female: divorced/separated/married,None,2,Real estate,28,None,Own,1,Unskilled resident,1,None,Yes,Bad
0–200 DM,6,Existing paid duly,Radio/TV,2063,<100 DM,<1 year,4,Male: married/widowed,None,3,Car/other,30,None,Rent,1,Management/self-employed/highly qualified,1,Yes,Yes,Good
0–200 DM,60,Existing paid duly,Education,6288,<100 DM,1–4 years,4,Male: single,None,4,Unknown/no property,42,None,For free,1,Skilled employee/official,1,None,Yes,Bad
No checking account,24,Critical/other existing credits,Used car,6842,Unknown/no savings,1–4 years,2,Male: single,None,4,Building society/life insurance,46,None,Own,2,Management/self-employed/highly qualified,2,Yes,Yes,Good
No checking account,12,Existing paid duly,New car,3527,Unknown/no savings,<1 year,2,Male: single,None,3,Building society/life insurance,45,None,Own,1,Management/self-employed/highly qualified,2,Yes,Yes,Good
No checking account,10,Existing paid duly,New car,1546,<100 DM,1–4 years,3,Male: single,None,2,Real estate,31,None,Own,1,Unskilled resident,2,None,No,Good
No checking account,24,Existing paid duly,Furniture/equipment,929,Unknown/no savings,4–7 years,4,Male: single,None,2,Car/other,31,Stores,Own,1,Skilled employee/official,1,Yes,Yes,Good
No checking account,4,Critical/other existing credits,New car,1455,<100 DM,4–7 years,2,Male: single,None,1,Real estate,42,None,Own,3,Unskilled resident,2,None,Yes,Good
< 0 DM,15,Existing paid duly,Furniture/equipment,1845,<100 DM,<1 year,4,Female: divorced/separated/married,Guarantor,1,Building society/life insurance,46,None,Rent,1,Skilled employee/official,1,None,Yes,Good
0–200 DM,48,No credits/all paid,New car,8358,500–1000 DM,<1 year,1,Female: divorced/separated/married,None,1,Car/other,30,None,Own,2,Skilled employee/official,1,None,Yes,Good
< 0 DM,24,All paid,Furniture/equipment,3349,500–1000 DM,<1 year,4,Male: single,None,4,Unknown/no property,30,None,For free,1,Skilled employee/official,2,Yes,Yes,Bad
No checking account,12,Existing paid duly,New car,2859,Unknown/no savings,Unemployed,4,Male: single,None,4,Unknown/no property,38,None,Own,1,Management/self-employed/highly qualified,1,Yes,Yes,Good
No checking account,18,Existing paid duly,Furniture/equipment,1533,<100 DM,<1 year,4,Male: married/widowed,Co-applicant,1,Building society/life insurance,43,None,Own,1,Unskilled resident,2,None,Yes,Bad
No checking account,24,Existing paid duly,Radio/TV,3621,100–500 DM,>=7 years,2,Male: single,None,4,Car/other,31,None,Own,2,Skilled employee/official,1,None,Yes,Bad
0–200 DM,18,Critical/other existing credits,Business,3590,<100 DM,Unemployed,3,Male: married/widowed,None,3,Car/other,40,None,Own,3,Unemployed/unskilled non-resident,2,Yes,Yes,Good
< 0 DM,36,Delay in past,Business,2145,<100 DM,4–7 years,2,Male: single,None,1,Car/other,24,None,Own,2,Skilled employee/official,1,Yes,Yes,Bad
0–200 DM,24,Existing paid duly,Used car,4113,500–1000 DM,<1 year,3,Female: divorced/separated/married,None,4,Car/other,28,None,Rent,1,Skilled employee/official,1,None,Yes,Bad
No checking account,36,Existing paid duly,Furniture/equipment,10974,<100 DM,Unemployed,4,Female: divorced/separated/married,None,2,Car/other,26,None,Own,2,Management/self-employed/highly qualified,1,Yes,Yes,Bad
< 0 DM,12,Existing paid duly,New car,1893,<100 DM,1–4 years,4,Female: divorced/separated/married,Guarantor,4,Building society/life insurance,29,None,Own,1,Skilled employee/official,1,Yes,Yes,Good
< 0 DM,24,Critical/other existing credits,Radio/TV,1231,>=1000 DM,>=7 years,4,Female: divorced/separated/married,None,4,Building society/life insurance,57,None,Rent,2,Management/self-employed/highly qualified,1,Yes,Yes,Good
>= 200 DM,30,Critical/other existing credits,Radio/TV,3656,Unknown/no savings,>=7 years,4,Male: single,None,4,Building society/life insurance,49,Stores,Own,2,Unskilled resident,1,None,Yes,Good
0–200 DM,9,Critical/other existing credits,Radio/TV,1154,<100 DM,>=7 years,2,Male: single,None,4,Real estate,37,None,Own,3,Unskilled resident,1,None,Yes,Good
< 0 DM,28,Existing paid duly,New car,4006,<100 DM,1–4 years,3,Male: single,None,2,Car/other,45,None,Own,1,Unskilled resident,1,None,Yes,Bad
0–200 DM,24,Existing paid duly,Furniture/equipment,3069,100–500 DM,>=7 years,4,Male: single,None,4,Unknown/no property,30,None,For free,1,Skilled employee/official,1,None,Yes,Good
No checking account,6,Critical/other existing credits,Radio/TV,1740,<100 DM,>=7 years,2,Male: married/widowed,None,2,Real estate,30,None,Rent,2,Skilled employee/official,1,None,Yes,Good
0–200 DM,21,Delay in past,New car,2353,<100 DM,1–4 years,1,Male: divorced/separated,None,4,Building society/life insurance,47,None,Own,2,Skilled employee/official,1,None,Yes,Good
No checking account,15,Existing paid duly,New car,3556,Unknown/no savings,1–4 years,3,Male: single,None,2,Unknown/no property,29,None,Own,1,Skilled employee/official,1,None,Yes,Good
No checking account,24,Existing paid duly,Radio/TV,2397,500–1000 DM,>=7 years,3,Male: single,None,2,Car/other,35,Bank,Own,2,Skilled employee/official,1,Yes,Yes,Bad
0–200 DM,6,Existing paid duly,Repairs,454,<100 DM,<1 year,3,Male: married/widowed,None,1,Building society/life insurance,22,None,Own,1,Unskilled resident,1,None,Yes,Good
0–200 DM,30,Existing paid duly,Radio/TV,1715,Unknown/no savings,1–4 years,4,Female: divorced/separated/married,None,1,Car/other,26,None,Own,1,Skilled employee/official,1,None,Yes,Good
0–200 DM,27,Critical/other existing credits,Radio/TV,2520,500–1000 DM,1–4 years,4,Male: single,None,2,Building society/life insurance,23,None,Own,2,Unskilled resident,1,None,Yes,Bad
No checking account,15,Existing paid duly,Radio/TV,3568,<100 DM,>=7 years,4,Female: divorced/separated/married,None,2,Car/other,54,Bank,Rent,1,Management/self-employed/highly qualified,1,Yes,Yes,Good
No checking account,42,Existing paid duly,Radio/TV,7166,Unknown/no savings,4–7 years,2,Male: married/widowed,None,4,Building society/life insurance,29,None,Rent,1,Skilled employee/official,1,Yes,Yes,Good
< 0 DM,11,Critical/other existing credits,New car,3939,<100 DM,1–4 years,1,Male: single,None,2,Real estate,40,None,Own,2,Unskilled resident,2,None,Yes,Good
0–200 DM,15,Existing paid duly,Repairs,1514,100–500 DM,1–4 years,4,Male: single,Guarantor,2,Real estate,22,None,Own,1,Skilled employee/official,1,None,Yes,Good
No checking account,24,Existing paid duly,New car,7393,<100 DM,1–4 years,1,Male: single,None,4,Building society/life insurance,43,None,Own,1,Unskilled resident,2,None,Yes,Good
< 0 DM,24,All paid,New car,1193,<100 DM,Unemployed,1,Female: divorced/separated/married,Co-applicant,4,Unknown/no property,29,None,Rent,2,Unemployed/unskilled non-resident,1,None,Yes,Bad
< 0 DM,60,Existing paid duly,Business,7297,<100 DM,>=7 years,4,Male: single,Co-applicant,4,Unknown/no property,36,None,Rent,1,Skilled employee/official,1,None,Yes,Bad
No checking account,30,Critical/other existing credits,Radio/TV,2831,<100 DM,1–4 years,4,Female: divorced/separated/married,None,2,Car/other,33,None,Own,1,Skilled employee/official,1,Yes,Yes,Good
>= 200 DM,24,Existing paid duly,Radio/TV,1258,500–1000 DM,1–4 years,3,Female: divorced/separated/married,None,3,Car/other,57,None,Own,1,Unskilled resident,1,None,Yes,Good
0–200 DM,6,Existing paid duly,Radio/TV,753,<100 DM,1–4 years,2,Female: divorced/separated/married,Guarantor,3,Real estate,64,None,Own,1,Skilled employee/official,1,None,Yes,Good
0–200 DM,18,Delay in past,Business,2427,Unknown/no savings,>=7 years,4,Male: single,None,2,Building society/life insurance,42,None,Own,2,Skilled employee/official,1,None,Yes,Good
No checking account,24,Delay in past,New car,2538,<100 DM,>=7 years,4,Male: single,None,4,Car/other,47,None,Own,2,Unskilled resident,2,None,Yes,Bad
0–200 DM,15,All paid,New car,1264,100–500 DM,1–4 years,2,Male: married/widowed,None,2,Building society/life insurance,25,None,Rent,1,Skilled employee/official,1,None,Yes,Bad
0–200 DM,30,Critical/other existing credits,Furniture/equipment,8386,<100 DM,4–7 years,2,Male: single,None,2,Building society/life insurance,49,None,Own,1,Skilled employee/official,1,None,Yes,Bad
No checking account,48,Existing paid duly,Business,4844,<100 DM,Unemployed,3,Male: single,None,2,Car/other,33,Bank,Rent,1,Management/self-employed/highly qualified,1,Yes,Yes,Bad
>= 200 DM,21,Existing paid duly,New car,2923,100–500 DM,1–4 years,1,Female: divorced/separated/married,None,1,Car/other,28,Bank,Own,1,Management/self-employed/highly qualified,1,Yes,Yes,Good
< 0 DM,36,Existing paid duly,Used car,8229,<100 DM,1–4 years,2,Male: single,None,2,Building society/life insurance,26,None,Own,1,Skilled employee/official,2,None,Yes,Bad
No checking account,24,Critical/other existing credits,Furniture/equipment,2028,<100 DM,4–7 years,2,Male: single,None,2,Building society/life insurance,30,None,Own,2,Unskilled resident,1,None,Yes,Good
< 0 DM,15,Critical/other existing credits,Furniture/equipment,1433,<100 DM,1–4 years,4,Female: divorced/separated/married,None,3,Building society/life insurance,25,None,Rent,2,Skilled employee/official,1,None,Yes,Good
>= 200 DM,42,No credits/all paid,Business,6289,<100 DM,<1 year,2,Male: divorced/separated,None,1,Building society/life insurance,33,None,Own,2,Skilled employee/official,1,None,Yes,Good
No checking account,13,Existing paid duly,Radio/TV,1409,100–500 DM,Unemployed,2,Female: divorced/separated/married,None,4,Real estate,64,None,Own,1,Skilled employee/official,1,None,Yes,Good
< 0 DM,24,Existing paid duly,Used car,6579,<100 DM,Unemployed,4,Male: single,None,2,Unknown/no property,29,None,For free,1,Management/self-employed/highly qualified,1,Yes,Yes,Good
0–200 DM,24,Critical/other existing credits,Radio/TV,1743,<100 DM,>=7 years,4,Male: single,None,2,Building society/life insurance,48,None,Own,2,Unskilled resident,1,None,Yes,Good
No checking account,12,Critical/other existing credits,Education,3565,Unknown/no savings,<1 year,2,Male: single,None,1,Building society/life insurance,37,None,Own,2,Unskilled resident,2,None,Yes,Good
No checking account,15,All paid,Radio/TV,1569,100–500 DM,>=7 years,4,Male: single,None,4,Car/other,34,Bank,Own,1,Unskilled resident,2,None,Yes,Good
< 0 DM,18,Existing paid duly,Radio/TV,1936,Unknown/no savings,4–7 years,2,Male: married/widowed,None,4,Car/other,23,None,Rent,2,Unskilled resident,1,None,Yes,Good
< 0 DM,36,Existing paid duly,Furniture/equipment,3959,<100 DM,Unemployed,4,Male: single,None,3,Building society/life insurance,30,None,Own,1,Management/self-employed/highly qualified,1,Yes,Yes,Good
No checking account,12,Existing paid duly,New car,2390,Unknown/no savings,>=7 years,4,Male: single,None,3,Car/other,50,None,Own,1,Skilled employee/official,1,Yes,Yes,Good
No checking account,12,Existing paid duly,Furniture/equipment,1736,<100 DM,4–7 years,3,Female: divorced/separated/married,None,4,Real estate,31,None,Own,1,Unskilled resident,1,None,Yes,Good
< 0 DM,30,Existing paid duly,Used car,3857,<100 DM,1–4 years,4,Male: divorced/separated,None,4,Building society/life insurance,40,None,Own,1,Management/self-employed/highly qualified,1,Yes,Yes,Good
No checking account,12,Existing paid duly,Radio/TV,804,<100 DM,>=7 years,4,Male: single,None,4,Car/other,38,None,Own,1,Skilled employee/official,1,None,Yes,Good
< 0 DM,45,Existing paid duly,Radio/TV,1845,<100 DM,1–4 years,4,Male: single,None,4,Unknown/no property,23,None,For free,1,Skilled employee/official,1,Yes,Yes,Bad
0–200 DM,45,Critical/other existing credits,Used car,4576,100–500 DM,Unemployed,3,Male: single,None,4,Car/other,27,None,Own,1,Skilled employee/official,1,None,Yes,Good
